run,tier,prompt_id,prompt_chars,tokens_out,energy_j,j_per_token,latency_s
1,4bit,0,45,128,165.254,1.291,1.905
1,4bit,1,57,128,165.72,1.2947,1.904
1,4bit,2,110,50,59.865,1.1973,0.75
1,4bit,3,230,128,174.48,1.3631,1.908
1,4bit,4,275,1,0.0,0.0,0.024
1,4bit,5,47,128,161.912,1.2649,1.903
1,4bit,6,42,128,165.357,1.2919,1.907
1,4bit,7,49,128,187.152,1.4621,2.194
1,4bit,8,38,128,165.524,1.2932,1.908
1,4bit,9,66,128,173.292,1.3538,1.913
1,4bit,10,51,30,34.595,1.1532,0.45
1,4bit,11,59,128,166.085,1.2975,1.904
1,4bit,12,38,128,187.754,1.4668,2.194
1,4bit,13,45,128,164.652,1.2863,1.909
1,4bit,14,48,128,175.007,1.3672,1.904
1,4bit,15,299,128,167.171,1.306,1.914
1,4bit,16,201,1,20.984,20.984,0.312
1,4bit,17,109,128,166.781,1.303,1.902
1,4bit,18,49,128,166.523,1.301,1.902
1,4bit,19,60,128,167.068,1.3052,1.901
1,4bit,20,402,1,7.661,7.661,0.024
1,4bit,21,59,128,167.629,1.3096,1.899
1,4bit,22,94,128,167.172,1.306,1.901
1,4bit,23,58,128,165.602,1.2938,1.904
1,4bit,24,39,128,167.467,1.3083,1.903
1,4bit,25,65,40,51.805,1.2951,0.599
1,4bit,26,53,59,77.296,1.3101,0.882
1,4bit,27,76,128,167.128,1.3057,1.908
1,4bit,28,139,128,167.614,1.3095,1.907
1,4bit,29,239,128,175.383,1.3702,1.94
1,4bit,30,76,128,167.78,1.3108,1.9
1,4bit,31,59,128,174.375,1.3623,2.031
1,4bit,32,73,128,167.983,1.3124,1.904
1,4bit,33,45,128,167.143,1.3058,1.904
1,4bit,34,58,12,17.061,1.4218,0.182
1,4bit,35,34,128,167.825,1.3111,1.905
1,4bit,36,60,128,168.549,1.3168,1.906
1,4bit,37,67,128,167.411,1.3079,1.905
1,4bit,38,60,128,176.966,1.3825,1.907
1,4bit,39,39,41,52.216,1.2736,0.613
1,4bit,40,115,128,168.046,1.3129,1.909
1,4bit,41,53,128,168.257,1.3145,1.902
1,4bit,42,86,128,167.648,1.3098,1.908
1,4bit,43,67,51,70.348,1.3794,0.766
1,4bit,44,79,128,167.187,1.3061,1.911
1,4bit,45,62,128,168.052,1.3129,1.901
1,4bit,46,67,128,168.667,1.3177,1.903
1,4bit,47,41,128,168.538,1.3167,1.897
1,4bit,48,71,128,168.181,1.3139,1.902
1,4bit,49,54,128,168.844,1.3191,1.9
1,4bit,50,70,128,177.632,1.3877,1.9
1,4bit,51,193,75,98.292,1.3106,1.12
1,4bit,52,90,128,168.697,1.3179,1.902
1,4bit,53,32,128,168.433,1.3159,1.899
1,4bit,54,72,128,168.055,1.3129,1.903
1,4bit,55,58,128,169.119,1.3212,1.897
1,4bit,56,42,128,169.302,1.3227,1.9
1,4bit,57,245,128,169.118,1.3212,1.905
1,4bit,58,181,123,167.983,1.3657,1.833
1,4bit,59,38,128,169.214,1.322,1.904
1,4bit,60,80,128,168.517,1.3165,1.903
1,4bit,61,87,128,169.225,1.3221,1.905
1,4bit,62,173,128,190.359,1.4872,2.197
1,4bit,63,278,128,167.644,1.3097,1.905
1,4bit,64,46,128,168.405,1.3157,1.898
1,4bit,65,49,128,168.061,1.313,1.9
1,4bit,66,104,128,169.195,1.3218,1.904
1,4bit,67,158,128,168.633,1.3174,1.902
1,4bit,68,78,128,169.065,1.3208,1.903
1,4bit,69,130,128,178.19,1.3921,1.903
1,4bit,70,66,128,169.133,1.3214,1.904
1,4bit,71,73,128,168.364,1.3153,1.902
1,4bit,72,49,59,79.851,1.3534,0.879
1,4bit,73,57,128,168.665,1.3177,1.906
1,4bit,74,110,128,168.753,1.3184,1.906
1,4bit,75,142,88,115.231,1.3094,1.312
1,4bit,76,52,128,168.965,1.32,1.904
1,4bit,77,248,128,169.668,1.3255,1.907
1,4bit,78,67,128,168.237,1.3144,1.906
1,4bit,79,37,128,178.051,1.391,1.9
1,4bit,80,65,29,35.171,1.2128,0.435
1,4bit,81,111,1,21.808,21.808,0.312
1,4bit,82,49,128,168.067,1.313,1.904
1,4bit,83,61,128,170.264,1.3302,1.903
1,4bit,84,94,128,169.658,1.3255,1.903
1,4bit,85,43,128,168.404,1.3157,1.9
1,4bit,86,116,49,60.458,1.2338,0.734
1,4bit,87,46,50,71.102,1.422,0.745
1,4bit,88,80,128,168.715,1.3181,1.904
1,4bit,89,45,41,53.142,1.2961,0.613
1,4bit,90,45,128,169.602,1.325,1.901
1,4bit,91,346,128,169.997,1.3281,1.903
1,4bit,92,86,128,169.632,1.3252,1.905
1,4bit,93,207,1,7.384,7.384,0.023
1,4bit,94,62,128,170.228,1.3299,1.901
1,4bit,95,194,85,106.295,1.2505,1.267
1,4bit,96,67,128,169.774,1.3264,1.906
1,4bit,97,72,128,170.343,1.3308,1.905
1,4bit,98,60,74,97.957,1.3237,1.1
1,4bit,99,106,33,43.682,1.3237,0.497
1,4bit,100,67,128,169.264,1.3224,1.902
1,4bit,101,37,128,170.076,1.3287,1.901
1,4bit,102,106,79,106.624,1.3497,1.18
1,4bit,103,231,128,169.638,1.3253,1.902
1,4bit,104,81,128,169.781,1.3264,1.899
1,4bit,105,63,128,169.6,1.325,1.902
1,4bit,106,96,128,168.905,1.3196,1.904
1,4bit,107,35,128,177.76,1.3887,1.954
1,4bit,108,48,40,52.903,1.3226,0.598
1,4bit,109,62,128,169.333,1.3229,1.906
1,4bit,110,97,81,106.955,1.3204,1.211
1,4bit,111,222,128,170.128,1.3291,1.906
1,4bit,112,45,128,168.954,1.32,1.907
1,4bit,113,29,128,169.514,1.3243,1.905
1,4bit,114,68,128,168.44,1.3159,1.903
1,4bit,115,56,128,178.2,1.3922,1.904
1,4bit,116,71,128,169.379,1.3233,1.905
1,4bit,117,54,128,169.836,1.3268,1.904
1,4bit,118,57,128,169.052,1.3207,1.908
1,4bit,119,52,128,169.53,1.3245,1.907
1,4bit,120,66,37,53.227,1.4386,0.556
1,4bit,121,145,128,170.326,1.3307,1.905
1,4bit,122,77,128,169.203,1.3219,1.91
1,4bit,123,21,128,169.192,1.3218,1.902
1,4bit,124,41,128,169.871,1.3271,1.906
1,4bit,125,37,128,168.89,1.3195,1.906
1,4bit,126,90,56,79.884,1.4265,0.84
1,4bit,127,83,128,169.245,1.3222,1.906
1,4bit,128,49,128,169.911,1.3274,1.901
1,4bit,129,75,128,169.538,1.3245,1.904
1,4bit,130,46,128,169.442,1.3238,1.901
1,4bit,131,53,128,169.365,1.3232,1.903
1,4bit,132,44,128,168.531,1.3166,1.904
1,4bit,133,90,31,43.78,1.4123,0.467
1,4bit,134,66,128,170.691,1.3335,1.902
1,4bit,135,214,38,52.559,1.3831,0.57
1,4bit,136,301,128,170.595,1.3328,1.905
1,4bit,137,43,128,168.34,1.3152,1.903
1,4bit,138,48,128,169.6,1.325,1.905
1,4bit,139,69,128,170.097,1.3289,1.903
1,4bit,140,68,128,178.673,1.3959,1.906
1,4bit,141,211,128,170.561,1.3325,1.907
1,4bit,142,51,128,170.274,1.3303,1.905
1,4bit,143,70,43,52.674,1.225,0.644
1,4bit,144,61,73,98.085,1.3436,1.089
1,4bit,145,40,128,168.73,1.3182,1.903
1,4bit,146,54,128,178.989,1.3984,1.905
1,4bit,147,47,128,169.697,1.3258,1.908
1,4bit,148,37,128,170.194,1.3296,1.901
1,4bit,149,70,128,169.853,1.327,1.903
1,4bit,150,36,128,169.077,1.3209,1.904
1,4bit,151,64,128,169.87,1.3271,1.907
1,4bit,152,53,128,170.358,1.3309,1.906
1,4bit,153,93,128,169.774,1.3264,1.907
1,4bit,154,49,128,170.597,1.3328,1.902
1,4bit,155,66,57,72.038,1.2638,0.852
1,4bit,156,347,1,0.0,0.0,0.024
1,4bit,157,203,128,178.765,1.3966,1.909
1,4bit,158,66,44,53.501,1.2159,0.659
1,4bit,159,104,50,71.229,1.4246,0.751
1,4bit,160,450,1,0.0,0.0,0.024
1,4bit,161,62,128,169.24,1.3222,1.906
1,4bit,162,280,1,0.0,0.0,0.024
1,4bit,163,65,128,170.911,1.3352,1.902
1,4bit,164,41,128,169.931,1.3276,1.906
1,4bit,165,336,1,0.0,0.0,0.024
1,4bit,166,62,41,52.336,1.2765,0.61
1,4bit,167,38,128,169.858,1.327,1.9
1,4bit,168,437,64,88.923,1.3894,0.959
1,4bit,169,84,32,44.432,1.3885,0.48
1,4bit,170,62,128,170.235,1.33,1.902
1,4bit,171,111,128,168.793,1.3187,1.905
1,4bit,172,54,128,168.272,1.3146,1.904
1,4bit,173,615,1,8.119,8.119,0.059
1,4bit,174,47,128,170.692,1.3335,1.895
1,4bit,175,68,128,169.801,1.3266,1.9
1,4bit,176,74,128,169.159,1.3216,1.897
1,4bit,177,44,128,168.642,1.3175,1.898
1,4bit,178,64,128,170.343,1.3308,1.899
1,4bit,179,79,128,170.418,1.3314,1.901
1,4bit,180,31,128,169.598,1.325,1.894
1,4bit,181,130,128,169.672,1.3256,1.899
1,4bit,182,44,128,170.847,1.3347,1.898
1,4bit,183,88,128,170.432,1.3315,1.899
1,4bit,184,43,128,169.943,1.3277,1.9
1,4bit,185,48,128,169.147,1.3215,1.903
1,4bit,186,45,128,179.032,1.3987,1.902
1,4bit,187,43,128,170.693,1.3335,1.902
1,4bit,188,119,62,80.115,1.2922,0.925
1,4bit,189,101,128,169.962,1.3278,1.902
1,4bit,190,53,128,170.7,1.3336,1.9
1,4bit,191,70,128,169.412,1.3235,1.905
1,4bit,192,151,90,124.739,1.386,1.341
1,4bit,193,58,128,169.404,1.3235,1.902
1,4bit,194,51,128,170.316,1.3306,1.898
1,4bit,195,69,128,170.214,1.3298,1.898
1,4bit,196,74,42,52.517,1.2504,0.628
1,4bit,197,50,128,170.331,1.3307,1.9
1,4bit,198,28,128,169.66,1.3255,1.906
1,4bit,199,79,128,179.035,1.3987,1.907
1,4bit,200,33,128,170.07,1.3287,1.906
1,4bit,201,54,128,169.469,1.324,1.906
1,4bit,202,65,50,62.263,1.2453,0.748
1,4bit,203,127,128,177.5,1.3867,1.955
1,4bit,204,46,128,170.452,1.3317,1.904
1,4bit,205,51,128,169.829,1.3268,1.906
1,4bit,206,45,128,170.426,1.3315,1.905
1,4bit,207,49,128,169.041,1.3206,1.899
1,4bit,208,90,128,170.45,1.3316,1.904
1,4bit,209,77,128,171.328,1.3385,1.907
1,4bit,210,96,128,170.559,1.3325,1.909
1,4bit,211,63,36,44.455,1.2349,0.54
1,4bit,212,52,128,170.291,1.3304,1.902
1,4bit,213,38,128,169.552,1.3246,1.898
1,4bit,214,81,128,170.75,1.334,1.901
1,4bit,215,52,128,179.324,1.401,1.899
1,4bit,216,256,1,0.0,0.0,0.023
1,4bit,217,79,128,169.965,1.3279,1.899
1,4bit,218,41,128,169.793,1.3265,1.897
1,4bit,219,72,128,169.182,1.3217,1.898
1,4bit,220,47,128,170.596,1.3328,1.9
1,4bit,221,50,128,170.312,1.3306,1.898
1,4bit,222,85,128,169.904,1.3274,1.905
1,4bit,223,207,38,53.114,1.3977,0.571
1,4bit,224,273,128,171.16,1.3372,1.904
1,4bit,225,72,26,34.567,1.3295,0.392
1,4bit,226,122,128,169.666,1.3255,1.903
1,4bit,227,55,128,170.245,1.33,1.903
1,4bit,228,43,128,169.659,1.3255,1.901
1,4bit,229,72,128,170.409,1.3313,1.904
1,4bit,230,50,41,61.776,1.5067,0.612
1,4bit,231,54,35,43.97,1.2563,0.524
1,4bit,232,70,128,171.076,1.3365,1.901
1,4bit,233,56,128,170.863,1.3349,1.902
1,4bit,234,38,128,169.508,1.3243,1.9
1,4bit,235,24,128,170.94,1.3355,1.9
1,4bit,236,72,26,34.706,1.3348,0.39
1,4bit,237,64,20,26.085,1.3043,0.302
1,4bit,238,35,128,170.111,1.329,1.896
1,4bit,239,93,128,170.001,1.3281,1.903
1,4bit,240,54,128,170.665,1.3333,1.901
1,4bit,241,51,128,170.567,1.3326,1.896
1,4bit,242,64,128,171.53,1.3401,1.899
1,4bit,243,53,128,170.733,1.3339,1.896
1,4bit,244,26,128,170.231,1.3299,1.898
1,4bit,245,217,128,170.928,1.3354,1.899
1,4bit,246,82,128,170.564,1.3325,1.901
1,4bit,247,79,93,126.001,1.3548,1.381
1,4bit,248,545,128,171.418,1.3392,1.896
1,4bit,249,28,128,170.022,1.3283,1.893
1,4bit,250,46,42,53.024,1.2625,0.627
1,4bit,251,43,128,170.726,1.3338,1.897
1,4bit,252,59,49,62.262,1.2707,0.731
1,4bit,253,237,1,8.307,8.307,0.022
1,4bit,254,90,128,170.267,1.3302,1.898
1,4bit,255,52,128,170.226,1.3299,1.897
1,4bit,256,311,118,152.268,1.2904,1.754
1,4bit,257,40,128,170.933,1.3354,1.898
1,4bit,258,50,128,170.777,1.3342,1.895
1,4bit,259,67,33,44.489,1.3482,0.491
1,4bit,260,75,128,171.122,1.3369,1.895
1,4bit,261,61,128,170.878,1.335,1.895
1,4bit,262,67,128,170.567,1.3326,1.897
1,4bit,263,65,128,169.96,1.3278,1.901
1,4bit,264,49,31,36.019,1.1619,0.464
1,4bit,265,51,22,35.471,1.6123,0.33
1,4bit,266,41,128,170.609,1.3329,1.903
1,4bit,267,88,24,25.735,1.0723,0.361
1,4bit,268,43,128,171.095,1.3367,1.895
1,4bit,269,48,73,98.698,1.352,1.085
1,4bit,270,109,128,170.172,1.3295,1.902
1,4bit,271,41,128,171.573,1.3404,1.898
1,4bit,272,40,128,171.016,1.3361,1.9
1,4bit,273,41,128,179.842,1.405,1.899
1,4bit,274,66,128,171.489,1.3398,1.898
1,4bit,275,53,34,44.607,1.312,0.508
1,4bit,276,37,128,170.196,1.3297,1.893
1,4bit,277,61,128,171.578,1.3405,1.897
1,4bit,278,52,31,35.493,1.1449,0.463
1,4bit,279,245,128,172.078,1.3444,1.898
1,4bit,280,93,128,171.421,1.3392,1.897
1,4bit,281,50,128,171.38,1.3389,1.893
1,4bit,282,129,128,171.768,1.3419,1.899
1,4bit,283,42,128,169.299,1.3226,1.902
1,4bit,284,65,128,169.944,1.3277,1.898
1,4bit,285,70,128,171.253,1.3379,1.901
1,4bit,286,50,128,171.019,1.3361,1.897
1,4bit,287,91,128,171.013,1.336,1.902
1,4bit,288,48,128,171.228,1.3377,1.904
1,4bit,289,47,128,170.441,1.3316,1.899
1,4bit,290,60,128,169.447,1.3238,1.897
1,4bit,291,107,128,170.799,1.3344,1.903
1,4bit,292,83,128,170.321,1.3306,1.9
1,4bit,293,69,128,169.682,1.3256,1.9
1,4bit,294,119,22,35.376,1.608,0.334
1,4bit,295,87,128,171.119,1.3369,1.903
1,4bit,296,70,128,170.011,1.3282,1.9
1,4bit,297,73,128,170.69,1.3335,1.898
1,4bit,298,62,128,170.713,1.3337,1.895
1,4bit,299,34,128,170.746,1.334,1.899
1,4bit,300,44,128,169.416,1.3236,1.901
1,4bit,301,245,70,98.991,1.4142,1.044
1,4bit,302,68,128,170.325,1.3307,1.897
1,4bit,303,93,43,52.594,1.2231,0.642
1,4bit,304,47,128,171.222,1.3377,1.894
1,4bit,305,56,128,171.073,1.3365,1.897
1,4bit,306,53,128,170.451,1.3316,1.896
1,4bit,307,66,128,169.902,1.3274,1.899
1,4bit,308,32,128,170.079,1.3287,1.895
1,4bit,309,40,128,170.291,1.3304,1.898
1,4bit,310,74,128,170.873,1.3349,1.901
1,4bit,311,170,128,179.785,1.4046,1.901
1,4bit,312,50,128,170.737,1.3339,1.901
1,4bit,313,67,128,170.602,1.3328,1.898
1,4bit,314,74,128,170.105,1.3289,1.901
1,4bit,315,50,128,169.571,1.3248,1.896
1,4bit,316,46,128,171.102,1.3367,1.898
1,4bit,317,97,128,170.397,1.3312,1.898
1,4bit,318,33,128,170.66,1.3333,1.898
1,4bit,319,205,71,97.039,1.3667,1.114
1,4bit,320,57,128,170.163,1.3294,1.895
1,4bit,321,85,128,169.749,1.3262,1.898
1,4bit,322,38,128,168.803,1.3188,1.892
1,4bit,323,230,128,170.824,1.3346,1.897
1,4bit,324,30,128,170.597,1.3328,1.896
1,4bit,325,159,128,170.376,1.3311,1.9
1,4bit,326,65,128,169.663,1.3255,1.896
1,4bit,327,124,128,169.678,1.3256,1.902
1,4bit,328,39,128,170.321,1.3306,1.896
1,4bit,329,71,128,170.494,1.332,1.898
1,4bit,330,63,128,169.811,1.3266,1.898
1,4bit,331,119,38,45.14,1.1879,0.569
1,4bit,332,57,128,170.036,1.3284,1.896
1,4bit,333,83,128,170.022,1.3283,1.897
1,4bit,334,261,128,168.838,1.319,1.901
1,4bit,335,65,128,170.787,1.3343,1.897
1,4bit,336,154,128,170.426,1.3315,1.899
1,4bit,337,82,128,169.553,1.3246,1.898
1,4bit,338,43,50,63.139,1.2628,0.744
1,4bit,339,32,128,170.381,1.3311,1.896
1,4bit,340,76,128,170.629,1.333,1.898
1,4bit,341,102,128,170.331,1.3307,1.901
1,4bit,342,63,128,169.956,1.3278,1.899
1,4bit,343,66,128,170.471,1.3318,1.9
1,4bit,344,47,128,170.081,1.3288,1.895
1,4bit,345,54,128,169.777,1.3264,1.901
1,4bit,346,46,128,169.227,1.3221,1.897
1,4bit,347,54,128,169.284,1.3225,1.898
1,4bit,348,28,128,170.217,1.3298,1.895
1,4bit,349,34,128,169.899,1.3273,1.896
1,4bit,350,207,128,169.661,1.3255,1.897
1,4bit,351,113,128,178.901,1.3977,1.9
1,4bit,352,52,128,170.887,1.3351,1.893
1,4bit,353,56,128,171.276,1.3381,1.897
1,4bit,354,57,128,170.697,1.3336,1.897
1,4bit,355,48,128,170.47,1.3318,1.898
1,4bit,356,29,128,170.035,1.3284,1.893
1,4bit,357,201,128,170.031,1.3284,1.901
1,4bit,358,45,128,168.717,1.3181,1.896
1,4bit,359,54,128,170.566,1.3325,1.898
1,4bit,360,42,128,170.256,1.3301,1.894
1,4bit,361,62,128,170.413,1.3314,1.897
1,4bit,362,95,128,170.211,1.3298,1.899
1,4bit,363,199,128,170.33,1.3307,1.899
1,4bit,364,90,128,170.231,1.3299,1.902
1,4bit,365,154,1,0.0,0.0,0.022
1,4bit,366,79,36,52.551,1.4597,0.54
1,4bit,367,35,128,169.931,1.3276,1.896
1,4bit,368,32,128,169.672,1.3256,1.899
1,4bit,369,96,80,106.796,1.335,1.19
1,4bit,370,67,128,169.956,1.3278,1.893
1,4bit,371,59,128,170.285,1.3304,1.895
1,4bit,372,247,78,98.194,1.2589,1.16
1,4bit,373,95,128,171.299,1.3383,1.897
1,4bit,374,31,128,170.66,1.3333,1.895
1,4bit,375,37,128,170.457,1.3317,1.895
1,4bit,376,68,128,170.234,1.33,1.896
1,4bit,377,54,128,170.007,1.3282,1.896
1,4bit,378,312,128,170.62,1.333,1.899
1,4bit,379,56,128,168.848,1.3191,1.9
1,4bit,380,361,1,0.0,0.0,0.024
1,4bit,381,56,128,168.762,1.3185,1.896
1,4bit,382,50,128,169.191,1.3218,1.897
1,4bit,383,39,128,170.944,1.3355,1.896
1,4bit,384,75,128,170.827,1.3346,1.899
1,4bit,385,70,128,168.727,1.3182,1.896
1,4bit,386,225,128,170.587,1.3327,1.9
1,4bit,387,50,128,169.406,1.3235,1.895
1,4bit,388,61,128,170.847,1.3347,1.897
1,4bit,389,50,128,170.694,1.3335,1.896
1,4bit,390,63,128,170.267,1.3302,1.898
1,4bit,391,60,128,170.156,1.3293,1.895
1,4bit,392,44,128,169.848,1.3269,1.896
1,4bit,393,46,128,162.3,1.268,1.896
1,4bit,394,72,128,171.265,1.338,1.896
1,4bit,395,133,31,35.81,1.1552,0.464
1,4bit,396,95,128,169.926,1.3275,1.897
1,4bit,397,58,51,70.531,1.383,0.76
1,4bit,398,90,128,170.419,1.3314,1.896
1,4bit,399,49,128,170.528,1.3322,1.891
1,4bit,400,76,128,170.736,1.3339,1.896
1,4bit,401,58,128,170.357,1.3309,1.894
1,4bit,402,42,128,169.6,1.325,1.891
1,4bit,403,71,34,44.42,1.3065,0.507
1,4bit,404,184,128,170.086,1.3288,1.894
1,4bit,405,39,128,169.631,1.3252,1.894
1,4bit,406,79,128,169.537,1.3245,1.899
1,4bit,407,46,128,170.462,1.3317,1.896
1,4bit,408,47,128,170.508,1.3321,1.895
1,4bit,409,61,128,170.289,1.3304,1.896
1,4bit,410,53,128,169.826,1.3268,1.897
1,4bit,411,81,128,169.392,1.3234,1.898
1,4bit,412,166,128,169.599,1.325,1.896
1,4bit,413,86,128,168.827,1.319,1.897
1,4bit,414,98,128,170.082,1.3288,1.901
1,4bit,415,192,75,107.416,1.4322,1.117
1,4bit,416,373,1,0.0,0.0,0.024
1,4bit,417,465,128,170.432,1.3315,1.896
1,4bit,418,62,128,170.424,1.3314,1.899
1,4bit,419,68,128,170.424,1.3314,1.898
1,4bit,420,65,128,169.101,1.3211,1.896
1,4bit,421,49,27,34.361,1.2726,0.403
1,4bit,422,252,128,170.666,1.3333,1.897
1,4bit,423,44,128,170.24,1.33,1.895
1,4bit,424,58,128,169.965,1.3279,1.895
1,4bit,425,26,128,170.237,1.33,1.895
1,4bit,426,35,128,170.139,1.3292,1.891
1,4bit,427,61,128,170.411,1.3313,1.892
1,4bit,428,83,128,170.737,1.3339,1.893
1,4bit,429,45,128,170.624,1.333,1.893
1,4bit,430,54,128,170.796,1.3343,1.895
1,4bit,431,57,128,170.917,1.3353,1.895
1,4bit,432,110,128,170.396,1.3312,1.895
1,4bit,433,43,128,170.761,1.3341,1.897
1,4bit,434,75,128,170.162,1.3294,1.897
1,4bit,435,57,14,16.683,1.1916,0.212
1,4bit,436,80,128,178.873,1.3974,1.903
1,4bit,437,88,128,169.115,1.3212,1.903
1,4bit,438,119,128,169.994,1.3281,1.904
1,4bit,439,39,71,89.542,1.2612,1.055
1,4bit,440,77,128,170.632,1.3331,1.898
1,4bit,441,92,1,7.92,7.92,0.022
1,4bit,442,94,79,106.61,1.3495,1.178
1,4bit,443,51,128,170.72,1.3337,1.898
1,4bit,444,33,128,170.564,1.3325,1.898
1,4bit,445,102,128,170.18,1.3295,1.9
1,4bit,446,74,128,169.104,1.3211,1.897
1,4bit,447,77,128,169.432,1.3237,1.896
1,4bit,448,71,128,170.683,1.3335,1.898
1,4bit,449,41,128,170.284,1.3303,1.898
1,4bit,450,51,128,169.701,1.3258,1.902
1,4bit,451,331,1,0.0,0.0,0.025
1,4bit,452,44,128,169.149,1.3215,1.897
1,4bit,453,92,128,169.832,1.3268,1.898
1,4bit,454,63,128,170.97,1.3357,1.896
1,4bit,455,37,128,170.434,1.3315,1.897
1,4bit,456,135,66,89.408,1.3547,0.984
1,4bit,457,57,128,169.564,1.3247,1.895
1,4bit,458,49,128,171.006,1.336,1.894
1,4bit,459,58,128,170.801,1.3344,1.896
1,4bit,460,68,128,170.578,1.3326,1.898
1,4bit,461,101,128,170.211,1.3298,1.898
1,4bit,462,79,128,170.255,1.3301,1.893
1,4bit,463,59,128,170.77,1.3341,1.893
1,4bit,464,30,128,170.694,1.3335,1.892
1,4bit,465,55,128,171.185,1.3374,1.89
1,4bit,466,35,128,171.016,1.3361,1.891
1,4bit,467,93,1,8.425,8.425,0.02
1,4bit,468,111,128,170.574,1.3326,1.895
1,4bit,469,135,128,170.321,1.3306,1.895
1,4bit,470,42,128,170.531,1.3323,1.891
1,4bit,471,59,128,170.613,1.3329,1.889
1,4bit,472,167,104,135.079,1.2988,1.541
1,4bit,473,169,128,169.987,1.328,1.894
1,4bit,474,356,1,0.0,0.0,0.024
1,4bit,475,219,1,7.764,7.764,0.022
1,4bit,476,65,50,62.017,1.2403,0.741
1,4bit,477,190,128,169.533,1.3245,1.897
1,4bit,478,65,128,170.782,1.3342,1.895
1,4bit,479,63,128,170.721,1.3338,1.892
1,4bit,480,59,22,35.521,1.6146,0.33
1,4bit,481,48,128,171.072,1.3365,1.891
1,4bit,482,128,1,0.0,0.0,0.022
1,4bit,483,125,128,169.823,1.3267,1.897
1,4bit,484,49,128,170.319,1.3306,1.895
1,4bit,485,68,128,170.237,1.33,1.896
1,4bit,486,68,128,170.009,1.3282,1.898
1,4bit,487,76,128,169.061,1.3208,1.899
1,4bit,488,100,128,170.886,1.335,1.899
1,4bit,489,39,59,80.299,1.361,0.874
1,4bit,490,44,128,170.934,1.3354,1.892
1,4bit,491,60,128,170.923,1.3353,1.894
1,4bit,492,54,128,171.06,1.3364,1.892
1,4bit,493,62,1,0.0,0.0,0.019
1,4bit,494,224,1,0.0,0.0,0.022
1,4bit,495,189,128,168.431,1.3159,1.894
1,4bit,496,109,128,169.833,1.3268,1.894
1,4bit,497,78,128,169.747,1.3261,1.895
1,4bit,498,37,128,170.082,1.3288,1.89
1,4bit,499,70,128,170.29,1.3304,1.893
1,8bit,0,45,128,383.445,2.9957,4.688
1,8bit,1,57,60,178.264,2.9711,2.178
1,8bit,2,110,25,73.043,2.9217,0.918
1,8bit,3,230,116,347.957,2.9996,4.299
1,8bit,4,275,1,6.818,6.818,0.054
1,8bit,5,47,128,381.867,2.9833,4.694
1,8bit,6,42,128,388.936,3.0386,4.771
1,8bit,7,49,128,388.088,3.0319,4.87
1,8bit,8,38,128,382.631,2.9893,4.663
1,8bit,9,66,128,389.606,3.0438,4.769
1,8bit,10,51,44,129.153,2.9353,1.655
1,8bit,11,59,50,161.733,3.2347,1.905
1,8bit,12,38,128,381.477,2.9803,4.779
1,8bit,13,45,128,405.155,3.1653,4.957
1,8bit,14,48,128,397.252,3.1035,4.881
1,8bit,15,299,25,80.918,3.2367,0.961
1,8bit,16,201,1,0.0,0.0,0.056
1,8bit,17,109,128,381.148,2.9777,4.71
1,8bit,18,49,128,389.808,3.0454,4.781
1,8bit,19,60,128,389.724,3.0447,4.751
1,8bit,20,402,1,5.937,5.937,0.055
1,8bit,21,59,128,381.243,2.9785,4.762
1,8bit,22,94,128,396.386,3.0968,4.878
1,8bit,23,58,128,388.467,3.0349,4.758
1,8bit,24,39,128,381.99,2.9843,4.71
1,8bit,25,65,128,388.914,3.0384,4.803
1,8bit,26,53,128,374.223,2.9236,4.63
1,8bit,27,76,128,388.161,3.0325,4.708
1,8bit,28,139,39,113.556,2.9117,1.409
1,8bit,29,239,128,381.417,2.9798,4.725
1,8bit,30,76,128,388.408,3.0344,4.749
1,8bit,31,59,128,381.041,2.9769,4.765
1,8bit,32,73,128,383.348,2.9949,4.682
1,8bit,33,45,128,396.336,3.0964,4.899
1,8bit,34,58,128,395.039,3.0862,4.825
1,8bit,35,34,128,374.463,2.9255,4.632
1,8bit,36,60,128,374.38,2.9248,4.634
1,8bit,37,67,128,382.433,2.9878,4.597
1,8bit,38,60,128,390.466,3.0505,4.798
1,8bit,39,39,128,375.116,2.9306,4.64
1,8bit,40,115,128,381.814,2.9829,4.734
1,8bit,41,53,128,397.205,3.1032,4.817
1,8bit,42,86,128,381.568,2.981,4.708
1,8bit,43,67,128,381.467,2.9802,4.674
1,8bit,44,79,128,388.745,3.0371,4.831
1,8bit,45,62,128,398.028,3.1096,4.856
1,8bit,46,67,128,381.363,2.9794,4.692
1,8bit,47,41,128,387.463,3.0271,4.838
1,8bit,48,71,128,389.008,3.0391,4.753
1,8bit,49,54,128,380.587,2.9733,4.749
1,8bit,50,70,128,389.207,3.0407,4.774
1,8bit,51,193,1,6.907,6.907,0.054
1,8bit,52,90,128,381.406,2.9797,4.773
1,8bit,53,32,128,382.16,2.9856,4.672
1,8bit,54,72,128,395.716,3.0915,4.85
1,8bit,55,58,128,396.423,3.0971,4.941
1,8bit,56,42,128,396.572,3.0982,4.881
1,8bit,57,245,128,396.859,3.1005,4.862
1,8bit,58,181,128,382.043,2.9847,4.7
1,8bit,59,38,128,390.903,3.0539,4.79
1,8bit,60,80,128,390.914,3.054,4.752
1,8bit,61,87,128,390.755,3.0528,4.811
1,8bit,62,173,114,341.8,2.9982,4.244
1,8bit,63,278,128,389.331,3.0416,4.788
1,8bit,64,46,128,389.815,3.0454,4.723
1,8bit,65,49,128,390.167,3.0482,4.83
1,8bit,66,104,128,388.617,3.0361,4.836
1,8bit,67,158,63,193.553,3.0723,2.348
1,8bit,68,78,128,388.71,3.0368,4.764
1,8bit,69,130,1,0.0,0.0,0.053
1,8bit,70,66,128,382.188,2.9858,4.655
1,8bit,71,73,128,381.522,2.9806,4.672
1,8bit,72,49,128,396.64,3.0987,4.887
1,8bit,73,57,128,389.398,3.0422,4.795
1,8bit,74,110,128,373.447,2.9176,4.628
1,8bit,75,142,128,388.981,3.0389,4.763
1,8bit,76,52,128,374.823,2.9283,4.63
1,8bit,77,248,128,381.577,2.9811,4.679
1,8bit,78,67,128,380.623,2.9736,4.739
1,8bit,79,37,128,382.255,2.9864,4.675
1,8bit,80,65,29,89.167,3.0747,1.059
1,8bit,81,111,1,0.0,0.0,0.053
1,8bit,82,49,128,388.531,3.0354,4.723
1,8bit,83,61,128,379.142,2.962,4.76
1,8bit,84,94,128,381.565,2.981,4.662
1,8bit,85,43,128,388.146,3.0324,4.779
1,8bit,86,116,43,129.098,3.0023,1.588
1,8bit,87,46,128,382.201,2.9859,4.654
1,8bit,88,80,45,128.995,2.8666,1.656
1,8bit,89,45,37,113.045,3.0553,1.366
1,8bit,90,45,128,380.25,2.9707,4.663
1,8bit,91,346,128,380.903,2.9758,4.758
1,8bit,92,86,128,380.803,2.975,4.632
1,8bit,93,207,1,0.0,0.0,0.054
1,8bit,94,62,128,393.402,3.0735,4.82
1,8bit,95,194,43,120.85,2.8105,1.58
1,8bit,96,67,128,381.165,2.9779,4.683
1,8bit,97,72,128,388.159,3.0325,4.766
1,8bit,98,60,74,226.109,3.0555,2.797
1,8bit,99,106,128,378.951,2.9606,4.724
1,8bit,100,67,128,396.886,3.1007,4.839
1,8bit,101,37,128,380.515,2.9728,4.671
1,8bit,102,106,25,71.074,2.843,0.934
1,8bit,103,231,128,382.359,2.9872,4.709
1,8bit,104,81,128,389.334,3.0417,4.725
1,8bit,105,63,91,266.571,2.9294,3.319
1,8bit,106,96,128,388.316,3.0337,4.78
1,8bit,107,35,128,387.645,3.0285,4.78
1,8bit,108,48,128,386.707,3.0211,4.84
1,8bit,109,62,128,388.928,3.0385,4.742
1,8bit,110,97,128,380.465,2.9724,4.671
1,8bit,111,222,25,72.47,2.8988,0.926
1,8bit,112,45,128,380.636,2.9737,4.661
1,8bit,113,29,128,387.971,3.031,4.803
1,8bit,114,68,128,386.002,3.0156,4.801
1,8bit,115,56,128,373.312,2.9165,4.646
1,8bit,116,71,128,386.747,3.0215,4.786
1,8bit,117,54,128,387.819,3.0298,4.754
1,8bit,118,57,128,379.871,2.9677,4.747
1,8bit,119,52,128,403.341,3.1511,4.93
1,8bit,120,66,39,112.701,2.8898,1.457
1,8bit,121,145,128,395.787,3.0921,4.836
1,8bit,122,77,128,395.329,3.0885,4.863
1,8bit,123,21,128,395.497,3.0898,4.923
1,8bit,124,41,128,395.071,3.0865,4.882
1,8bit,125,37,128,381.063,2.9771,4.691
1,8bit,126,90,54,160.908,2.9798,2.021
1,8bit,127,83,128,379.701,2.9664,4.702
1,8bit,128,49,128,380.125,2.9697,4.708
1,8bit,129,75,128,379.622,2.9658,4.66
1,8bit,130,46,128,380.245,2.9707,4.736
1,8bit,131,53,128,388.33,3.0338,4.719
1,8bit,132,44,128,379.585,2.9655,4.7
1,8bit,133,90,43,121.165,2.8178,1.565
1,8bit,134,66,128,374.248,2.9238,4.659
1,8bit,135,214,128,380.148,2.9699,4.68
1,8bit,136,301,128,380.998,2.9765,4.679
1,8bit,137,43,128,380.032,2.969,4.702
1,8bit,138,48,128,380.832,2.9752,4.718
1,8bit,139,69,128,394.715,3.0837,4.865
1,8bit,140,68,128,373.716,2.9197,4.615
1,8bit,141,211,128,380.253,2.9707,4.715
1,8bit,142,51,128,396.801,3.1,4.857
1,8bit,143,70,128,382.291,2.9866,4.719
1,8bit,144,61,76,227.047,2.9875,2.768
1,8bit,145,40,128,382.559,2.9887,4.649
1,8bit,146,54,128,382.027,2.9846,4.708
1,8bit,147,47,128,390.217,3.0486,4.785
1,8bit,148,37,128,381.55,2.9809,4.711
1,8bit,149,70,128,375.292,2.932,4.638
1,8bit,150,36,128,381.226,2.9783,4.709
1,8bit,151,64,128,389.333,3.0417,4.73
1,8bit,152,53,128,373.489,2.9179,4.647
1,8bit,153,93,128,389.847,3.0457,4.719
1,8bit,154,49,128,379.944,2.9683,4.765
1,8bit,155,66,111,326.055,2.9374,3.987
1,8bit,156,347,1,6.328,6.328,0.055
1,8bit,157,203,31,88.884,2.8672,1.141
1,8bit,158,66,51,162.177,3.1799,1.904
1,8bit,159,104,128,383.207,2.9938,4.734
1,8bit,160,450,1,7.378,7.378,0.055
1,8bit,161,62,128,382.401,2.9875,4.74
1,8bit,162,280,1,6.593,6.593,0.055
1,8bit,163,65,55,161.991,2.9453,2.007
1,8bit,164,41,128,383.137,2.9933,4.69
1,8bit,165,336,1,0.0,0.0,0.054
1,8bit,166,62,22,72.183,3.281,0.821
1,8bit,167,38,128,374.332,2.9245,4.659
1,8bit,168,437,41,128.748,3.1402,1.539
1,8bit,169,84,40,113.946,2.8487,1.465
1,8bit,170,62,128,375.295,2.932,4.663
1,8bit,171,111,128,397.144,3.1027,4.83
1,8bit,172,54,128,382.212,2.986,4.76
1,8bit,173,615,1,6.825,6.825,0.056
1,8bit,174,47,128,388.593,3.0359,4.804
1,8bit,175,68,128,374.302,2.9242,4.638
1,8bit,176,74,128,389.096,3.0398,4.758
1,8bit,177,44,128,396.443,3.0972,4.856
1,8bit,178,64,128,389.449,3.0426,4.819
1,8bit,179,79,128,383.387,2.9952,4.727
1,8bit,180,31,128,405.254,3.166,4.961
1,8bit,181,130,128,389.33,3.0416,4.799
1,8bit,182,44,128,388.051,3.0316,4.732
1,8bit,183,88,128,388.633,3.0362,4.836
1,8bit,184,43,128,381.794,2.9828,4.659
1,8bit,185,48,128,380.528,2.9729,4.771
1,8bit,186,45,128,388.667,3.0365,4.753
1,8bit,187,43,128,381.067,2.9771,4.715
1,8bit,188,119,128,396.113,3.0946,4.842
1,8bit,189,101,128,381.547,2.9808,4.718
1,8bit,190,53,128,388.859,3.038,4.746
1,8bit,191,70,128,381.15,2.9777,4.717
1,8bit,192,151,128,387.591,3.0281,4.853
1,8bit,193,58,128,388.933,3.0385,4.796
1,8bit,194,51,128,389.292,3.0413,4.769
1,8bit,195,69,128,389.652,3.0442,4.725
1,8bit,196,74,55,161.975,2.945,2.034
1,8bit,197,50,128,396.136,3.0948,4.865
1,8bit,198,28,128,379.553,2.9653,4.76
1,8bit,199,79,128,381.775,2.9826,4.638
1,8bit,200,33,128,381.108,2.9774,4.696
1,8bit,201,54,128,395.306,3.0883,4.94
1,8bit,202,65,51,152.13,2.9829,1.908
1,8bit,203,127,128,388.528,3.0354,4.845
1,8bit,204,46,128,388.792,3.0374,4.841
1,8bit,205,51,128,374.826,2.9283,4.681
1,8bit,206,45,128,390.132,3.0479,4.713
1,8bit,207,49,128,374.012,2.922,4.64
1,8bit,208,90,128,381.315,2.979,4.685
1,8bit,209,77,128,395.686,3.0913,4.898
1,8bit,210,96,33,104.125,3.1553,1.261
1,8bit,211,63,33,96.076,2.9114,1.239
1,8bit,212,52,128,403.29,3.1507,4.98
1,8bit,213,38,128,381.596,2.9812,4.734
1,8bit,214,81,128,380.956,2.9762,4.605
1,8bit,215,52,128,381.088,2.9772,4.701
1,8bit,216,256,128,379.429,2.9643,4.765
1,8bit,217,79,128,388.684,3.0366,4.769
1,8bit,218,41,128,387.862,3.0302,4.81
1,8bit,219,72,128,396.716,3.0993,4.819
1,8bit,220,47,128,373.081,2.9147,4.659
1,8bit,221,50,128,396.526,3.0979,4.88
1,8bit,222,85,124,380.802,3.071,4.677
1,8bit,223,207,128,394.033,3.0784,4.887
1,8bit,224,273,39,113.144,2.9011,1.438
1,8bit,225,72,128,381.395,2.9796,4.661
1,8bit,226,122,128,388.159,3.0325,4.775
1,8bit,227,55,128,387.635,3.0284,4.764
1,8bit,228,43,128,380.62,2.9736,4.744
1,8bit,229,72,128,379.882,2.9678,4.682
1,8bit,230,50,45,128.592,2.8576,1.63
1,8bit,231,54,128,402.805,3.1469,4.972
1,8bit,232,70,128,388.871,3.0381,4.794
1,8bit,233,56,128,389.077,3.0397,4.816
1,8bit,234,38,128,396.593,3.0984,4.818
1,8bit,235,24,54,153.568,2.8439,1.951
1,8bit,236,72,128,381.07,2.9771,4.683
1,8bit,237,64,52,152.493,2.9326,1.86
1,8bit,238,35,94,275.512,2.931,3.379
1,8bit,239,93,128,372.248,2.9082,4.67
1,8bit,240,54,128,387.723,3.0291,4.762
1,8bit,241,51,128,386.63,3.0205,4.779
1,8bit,242,64,128,389.067,3.0396,4.757
1,8bit,243,53,128,388.299,3.0336,4.8
1,8bit,244,26,128,371.342,2.9011,4.613
1,8bit,245,217,128,382.349,2.9871,4.657
1,8bit,246,82,128,387.795,3.0296,4.826
1,8bit,247,79,128,388.731,3.037,4.777
1,8bit,248,545,30,88.623,2.9541,1.106
1,8bit,249,28,128,380.513,2.9728,4.654
1,8bit,250,46,128,381.4,2.9797,4.755
1,8bit,251,43,128,381.816,2.9829,4.718
1,8bit,252,59,49,144.742,2.9539,1.778
1,8bit,253,237,1,6.793,6.793,0.054
1,8bit,254,90,128,380.551,2.9731,4.694
1,8bit,255,52,128,381.108,2.9774,4.657
1,8bit,256,311,128,389.974,3.0467,4.788
1,8bit,257,40,128,374.492,2.9257,4.669
1,8bit,258,50,128,388.032,3.0315,4.764
1,8bit,259,67,128,382.035,2.9846,4.701
1,8bit,260,75,70,201.756,2.8822,2.525
1,8bit,261,61,128,382.078,2.985,4.682
1,8bit,262,67,128,390.161,3.0481,4.738
1,8bit,263,65,128,389.569,3.0435,4.814
1,8bit,264,49,45,137.928,3.0651,1.649
1,8bit,265,51,128,374.517,2.9259,4.656
1,8bit,266,41,128,382.008,2.9844,4.69
1,8bit,267,88,128,380.834,2.9753,4.715
1,8bit,268,43,128,382.543,2.9886,4.647
1,8bit,269,48,128,382.098,2.9851,4.708
1,8bit,270,109,128,381.043,2.9769,4.703
1,8bit,271,41,128,389.391,3.0421,4.742
1,8bit,272,40,128,382.437,2.9878,4.693
1,8bit,273,41,128,382.25,2.9863,4.67
1,8bit,274,66,128,388.954,3.0387,4.841
1,8bit,275,53,128,397.674,3.1068,4.894
1,8bit,276,37,128,395.941,3.0933,4.924
1,8bit,277,61,128,389.506,3.043,4.728
1,8bit,278,52,128,401.616,3.1376,4.977
1,8bit,279,245,62,178.19,2.874,2.278
1,8bit,280,93,128,387.915,3.0306,4.728
1,8bit,281,50,128,374.264,2.9239,4.602
1,8bit,282,129,48,144.913,3.019,1.772
1,8bit,283,42,128,374.734,2.9276,4.629
1,8bit,284,65,128,375.359,2.9325,4.617
1,8bit,285,70,128,375.536,2.9339,4.606
1,8bit,286,50,128,382.199,2.9859,4.681
1,8bit,287,91,128,387.761,3.0294,4.718
1,8bit,288,48,128,373.862,2.9208,4.693
1,8bit,289,47,128,381.293,2.9789,4.788
1,8bit,290,60,128,389.062,3.0395,4.702
1,8bit,291,107,128,380.976,2.9764,4.71
1,8bit,292,83,128,373.885,2.921,4.62
1,8bit,293,69,128,379.593,2.9656,4.709
1,8bit,294,119,30,88.753,2.9584,1.085
1,8bit,295,87,41,119.401,2.9122,1.496
1,8bit,296,70,128,389.204,3.0407,4.726
1,8bit,297,73,2,0.0,0.0,0.088
1,8bit,298,62,128,388.326,3.0338,4.774
1,8bit,299,34,128,387.001,3.0234,4.81
1,8bit,300,44,128,373.798,2.9203,4.585
1,8bit,301,245,128,387.407,3.0266,4.726
1,8bit,302,68,128,371.564,2.9028,4.651
1,8bit,303,93,128,387.468,3.0271,4.799
1,8bit,304,47,128,387.756,3.0293,4.765
1,8bit,305,56,128,387.672,3.0287,4.739
1,8bit,306,53,128,373.438,2.9175,4.665
1,8bit,307,66,128,380.59,2.9734,4.698
1,8bit,308,32,128,380.4,2.9719,4.698
1,8bit,309,40,128,381.885,2.9835,4.671
1,8bit,310,74,128,389.858,3.0458,4.787
1,8bit,311,170,128,380.791,2.9749,4.682
1,8bit,312,50,128,396.233,3.0956,4.862
1,8bit,313,67,128,372.606,2.911,4.647
1,8bit,314,74,128,380.514,2.9728,4.646
1,8bit,315,50,128,372.395,2.9093,4.656
1,8bit,316,46,128,388.926,3.0385,4.756
1,8bit,317,97,128,380.086,2.9694,4.722
1,8bit,318,33,128,381.614,2.9814,4.647
1,8bit,319,205,1,6.046,6.046,0.054
1,8bit,320,57,128,380.806,2.975,4.763
1,8bit,321,85,128,379.623,2.9658,4.699
1,8bit,322,38,128,396.149,3.0949,4.849
1,8bit,323,230,128,394.817,3.0845,4.867
1,8bit,324,30,128,380.683,2.9741,4.739
1,8bit,325,159,79,243.468,3.0819,2.932
1,8bit,326,65,128,388.173,3.0326,4.834
1,8bit,327,124,128,388.721,3.0369,4.774
1,8bit,328,39,128,387.401,3.0266,4.848
1,8bit,329,71,128,394.307,3.0805,4.889
1,8bit,330,63,128,389.119,3.04,4.749
1,8bit,331,119,128,374.893,2.9289,4.607
1,8bit,332,57,128,373.452,2.9176,4.621
1,8bit,333,83,35,104.395,2.9827,1.291
1,8bit,334,261,115,349.336,3.0377,4.223
1,8bit,335,65,128,387.193,3.0249,4.811
1,8bit,336,154,128,380.588,2.9733,4.672
1,8bit,337,82,128,388.312,3.0337,4.819
1,8bit,338,43,128,394.91,3.0852,4.927
1,8bit,339,32,128,388.82,3.0377,4.802
1,8bit,340,76,128,382.397,2.9875,4.671
1,8bit,341,102,41,121.384,2.9606,1.511
1,8bit,342,63,128,397.524,3.1057,4.861
1,8bit,343,66,128,390.294,3.0492,4.758
1,8bit,344,47,128,374.066,2.9224,4.625
1,8bit,345,54,128,382.922,2.9916,4.66
1,8bit,346,46,128,381.165,2.9779,4.746
1,8bit,347,54,128,388.885,3.0382,4.819
1,8bit,348,28,128,403.033,3.1487,4.963
1,8bit,349,34,128,387.319,3.0259,4.768
1,8bit,350,207,73,218.078,2.9874,2.663
1,8bit,351,113,128,388.905,3.0383,4.797
1,8bit,352,52,128,381.516,2.9806,4.678
1,8bit,353,56,128,383.201,2.9938,4.72
1,8bit,354,57,128,389.338,3.0417,4.773
1,8bit,355,48,128,389.543,3.0433,4.796
1,8bit,356,29,128,381.049,2.9769,4.74
1,8bit,357,201,128,395.833,3.0924,4.873
1,8bit,358,45,128,382.276,2.9865,4.717
1,8bit,359,54,128,396.645,3.0988,4.912
1,8bit,360,42,128,396.469,3.0974,4.828
1,8bit,361,62,128,389.0,3.0391,4.787
1,8bit,362,95,128,371.85,2.9051,4.613
1,8bit,363,199,128,381.219,2.9783,4.689
1,8bit,364,90,47,137.758,2.931,1.709
1,8bit,365,154,1,6.049,6.049,0.054
1,8bit,366,79,88,266.669,3.0303,3.27
1,8bit,367,35,128,380.857,2.9754,4.712
1,8bit,368,32,128,382.152,2.9856,4.706
1,8bit,369,96,128,380.741,2.9745,4.704
1,8bit,370,67,128,389.637,3.044,4.782
1,8bit,371,59,128,379.494,2.9648,4.705
1,8bit,372,247,47,145.55,3.0968,1.761
1,8bit,373,95,128,373.127,2.9151,4.666
1,8bit,374,31,128,383.38,2.9952,4.662
1,8bit,375,37,128,381.917,2.9837,4.682
1,8bit,376,68,128,390.17,3.0482,4.78
1,8bit,377,54,128,374.463,2.9255,4.645
1,8bit,378,312,128,389.823,3.0455,4.731
1,8bit,379,56,128,382.496,2.9882,4.747
1,8bit,380,361,1,6.341,6.341,0.054
1,8bit,381,56,128,389.64,3.0441,4.835
1,8bit,382,50,128,381.816,2.9829,4.676
1,8bit,383,39,128,382.0,2.9844,4.681
1,8bit,384,75,128,388.862,3.038,4.762
1,8bit,385,70,128,382.339,2.987,4.675
1,8bit,386,225,128,380.789,2.9749,4.771
1,8bit,387,50,33,105.459,3.1957,1.212
1,8bit,388,61,128,389.113,3.0399,4.878
1,8bit,389,50,128,390.771,3.0529,4.722
1,8bit,390,63,128,379.976,2.9686,4.761
1,8bit,391,60,128,382.256,2.9864,4.627
1,8bit,392,44,128,387.174,3.0248,4.836
1,8bit,393,46,128,389.314,3.0415,4.783
1,8bit,394,72,96,283.494,2.9531,3.502
1,8bit,395,133,47,137.629,2.9283,1.688
1,8bit,396,95,44,129.762,2.9491,1.584
1,8bit,397,58,128,374.316,2.9243,4.626
1,8bit,398,90,128,395.891,3.0929,4.829
1,8bit,399,49,128,374.419,2.9251,4.619
1,8bit,400,76,128,379.945,2.9683,4.692
1,8bit,401,58,128,394.616,3.0829,4.887
1,8bit,402,42,128,387.579,3.028,4.839
1,8bit,403,71,33,104.473,3.1658,1.277
1,8bit,404,184,45,136.419,3.0315,1.715
1,8bit,405,39,128,395.616,3.0907,4.839
1,8bit,406,79,128,379.586,2.9655,4.728
1,8bit,407,46,128,380.646,2.9738,4.675
1,8bit,408,47,128,387.064,3.0239,4.753
1,8bit,409,61,128,381.361,2.9794,4.702
1,8bit,410,53,128,380.61,2.9735,4.732
1,8bit,411,81,128,394.898,3.0851,4.908
1,8bit,412,166,128,396.765,3.0997,4.821
1,8bit,413,86,128,395.458,3.0895,4.913
1,8bit,414,98,128,387.29,3.0257,4.809
1,8bit,415,192,96,290.679,3.0279,3.587
1,8bit,416,373,1,7.506,7.506,0.055
1,8bit,417,465,31,88.659,2.86,1.183
1,8bit,418,62,128,396.421,3.097,4.832
1,8bit,419,68,128,387.259,3.0255,4.818
1,8bit,420,65,128,380.051,2.9691,4.723
1,8bit,421,49,27,80.5,2.9815,0.996
1,8bit,422,252,128,388.106,3.0321,4.769
1,8bit,423,44,128,388.216,3.0329,4.758
1,8bit,424,58,128,381.37,2.9795,4.689
1,8bit,425,26,128,382.358,2.9872,4.713
1,8bit,426,35,128,397.151,3.1027,4.898
1,8bit,427,61,128,389.188,3.0405,4.819
1,8bit,428,83,128,389.179,3.0405,4.801
1,8bit,429,45,128,389.832,3.0456,4.727
1,8bit,430,54,128,402.852,3.1473,4.974
1,8bit,431,57,128,381.925,2.9838,4.691
1,8bit,432,110,128,374.601,2.9266,4.632
1,8bit,433,43,128,375.362,2.9325,4.635
1,8bit,434,75,36,105.741,2.9372,1.302
1,8bit,435,57,80,242.952,3.0369,2.944
1,8bit,436,80,128,395.121,3.0869,4.933
1,8bit,437,88,128,404.286,3.1585,4.937
1,8bit,438,119,128,395.899,3.093,4.903
1,8bit,439,39,128,395.454,3.0895,4.873
1,8bit,440,77,128,389.784,3.0452,4.783
1,8bit,441,92,1,0.0,0.0,0.053
1,8bit,442,94,128,394.625,3.083,4.884
1,8bit,443,51,128,397.086,3.1022,4.892
1,8bit,444,33,128,389.442,3.0425,4.745
1,8bit,445,102,128,388.191,3.0327,4.841
1,8bit,446,74,128,389.503,3.043,4.817
1,8bit,447,77,128,397.126,3.1025,4.824
1,8bit,448,71,128,388.679,3.0366,4.777
1,8bit,449,41,128,374.512,2.9259,4.668
1,8bit,450,51,128,382.393,2.9874,4.696
1,8bit,451,331,1,7.298,7.298,0.057
1,8bit,452,44,128,389.653,3.0442,4.791
1,8bit,453,92,95,284.303,2.9927,3.529
1,8bit,454,63,128,404.187,3.1577,4.975
1,8bit,455,37,128,389.345,3.0418,4.764
1,8bit,456,135,89,266.201,2.991,3.332
1,8bit,457,57,37,112.949,3.0527,1.343
1,8bit,458,49,128,381.069,2.9771,4.668
1,8bit,459,58,128,374.241,2.9238,4.654
1,8bit,460,68,128,388.924,3.0385,4.748
1,8bit,461,101,128,379.486,2.9647,4.676
1,8bit,462,79,128,380.992,2.9765,4.721
1,8bit,463,59,128,380.393,2.9718,4.716
1,8bit,464,30,128,380.648,2.9738,4.686
1,8bit,465,55,128,379.991,2.9687,4.723
1,8bit,466,35,128,388.122,3.0322,4.759
1,8bit,467,93,128,395.328,3.0885,4.93
1,8bit,468,111,128,381.626,2.9815,4.653
1,8bit,469,135,128,382.23,2.9862,4.733
1,8bit,470,42,128,398.016,3.1095,4.829
1,8bit,471,59,128,379.553,2.9653,4.689
1,8bit,472,167,60,183.481,3.058,2.294
1,8bit,473,169,128,394.494,3.082,4.921
1,8bit,474,356,1,6.822,6.822,0.056
1,8bit,475,219,1,0.0,0.0,0.055
1,8bit,476,65,58,168.871,2.9116,2.097
1,8bit,477,190,128,389.418,3.0423,4.721
1,8bit,478,65,128,373.485,2.9179,4.676
1,8bit,479,63,128,389.7,3.0445,4.753
1,8bit,480,59,128,388.113,3.0321,4.819
1,8bit,481,48,128,381.5,2.9805,4.633
1,8bit,482,128,1,0.0,0.0,0.053
1,8bit,483,125,128,378.956,2.9606,4.712
1,8bit,484,49,128,387.842,3.03,4.781
1,8bit,485,68,128,400.869,3.1318,4.985
1,8bit,486,68,128,402.047,3.141,4.956
1,8bit,487,76,128,387.199,3.025,4.785
1,8bit,488,100,128,387.061,3.0239,4.773
1,8bit,489,39,128,381.014,2.9767,4.688
1,8bit,490,44,128,373.283,2.9163,4.615
1,8bit,491,60,128,380.689,2.9741,4.713
1,8bit,492,54,128,381.315,2.979,4.698
1,8bit,493,62,38,112.712,2.9661,1.406
1,8bit,494,224,1,7.415,7.415,0.054
1,8bit,495,189,125,372.791,2.9823,4.575
1,8bit,496,109,128,379.506,2.9649,4.709
1,8bit,497,78,128,380.906,2.9758,4.741
1,8bit,498,37,128,387.683,3.0288,4.808
1,8bit,499,70,128,403.145,3.1496,4.937
1,16bit,0,45,128,1437.702,11.232,17.993
1,16bit,1,57,57,286.696,5.0298,2.701
1,16bit,2,110,25,134.965,5.3986,1.39
1,16bit,3,230,128,521.054,4.0707,5.227
1,16bit,4,275,1,21.336,21.336,0.158
1,16bit,5,47,128,506.27,3.9552,4.65
1,16bit,6,42,128,776.646,6.0675,8.997
1,16bit,7,49,128,993.104,7.7586,11.903
1,16bit,8,38,128,1817.674,14.2006,23.504
1,16bit,9,66,128,1423.49,11.121,17.849
1,16bit,10,51,41,121.792,2.9705,1.246
1,16bit,11,59,128,557.247,4.3535,5.37
1,16bit,12,38,128,574.62,4.4892,5.807
1,16bit,13,45,128,505.99,3.953,4.937
1,16bit,14,48,128,447.895,3.4992,4.357
1,16bit,15,299,25,135.536,5.4214,1.39
1,16bit,16,201,1,21.178,21.178,0.013
1,16bit,17,109,128,889.232,6.9471,9.87
1,16bit,18,49,128,482.848,3.7722,4.503
1,16bit,19,60,128,597.502,4.668,6.097
1,16bit,20,402,1,0.0,0.0,0.012
1,16bit,21,59,128,840.097,6.5633,9.724
1,16bit,22,94,128,2171.722,16.9666,28.289
1,16bit,23,58,128,502.477,3.9256,4.936
1,16bit,24,39,128,1344.522,10.5041,16.543
1,16bit,25,65,128,1664.376,13.0029,21.331
1,16bit,26,53,128,744.271,5.8146,7.979
1,16bit,27,76,128,1441.473,11.2615,17.991
1,16bit,28,139,128,784.011,6.1251,8.708
1,16bit,29,239,128,543.222,4.2439,4.936
1,16bit,30,76,128,1311.84,10.2488,16.254
1,16bit,31,59,128,1907.853,14.9051,24.664
1,16bit,32,73,128,511.075,3.9928,5.079
1,16bit,33,45,111,379.68,3.4205,3.622
1,16bit,34,58,128,576.02,4.5002,5.661
1,16bit,35,34,128,521.37,4.0732,5.081
1,16bit,36,60,128,1880.695,14.6929,24.088
1,16bit,37,67,128,998.852,7.8035,12.045
1,16bit,38,60,128,1429.262,11.1661,17.893
1,16bit,39,39,128,1713.252,13.3848,21.33
1,16bit,40,115,128,937.769,7.3263,11.321
1,16bit,41,53,128,929.451,7.2613,10.883
1,16bit,42,86,128,1057.129,8.2588,12.48
1,16bit,43,67,128,515.559,4.0278,4.842
1,16bit,44,79,128,917.922,7.1713,10.744
1,16bit,45,62,128,906.82,7.0845,11.031
1,16bit,46,67,128,700.436,5.4722,7.548
1,16bit,47,41,128,534.23,4.1737,5.37
1,16bit,48,71,128,654.035,5.1096,7.111
1,16bit,49,54,128,1646.822,12.8658,20.752
1,16bit,50,70,128,1438.199,11.2359,17.991
1,16bit,51,193,1,0.0,0.0,0.012
1,16bit,52,90,128,1068.192,8.3453,12.911
1,16bit,53,32,128,1748.695,13.6617,22.487
1,16bit,54,72,128,818.821,6.397,8.997
1,16bit,55,58,128,650.898,5.0851,6.391
1,16bit,56,42,128,899.206,7.025,10.592
1,16bit,57,245,25,163.617,6.5447,1.681
1,16bit,58,181,128,802.526,6.2697,8.854
1,16bit,59,38,128,484.173,3.7826,4.793
1,16bit,60,80,128,1606.087,12.5476,20.459
1,16bit,61,87,128,829.599,6.4812,9.434
1,16bit,62,173,31,57.53,1.8558,0.574
1,16bit,63,278,128,540.12,4.2197,5.224
1,16bit,64,46,128,481.991,3.7656,4.5
1,16bit,65,49,128,532.946,4.1636,5.368
1,16bit,66,104,128,1031.507,8.0586,11.899
1,16bit,67,158,32,521.228,16.2884,6.822
1,16bit,68,78,128,1139.711,8.904,13.543
1,16bit,69,130,128,532.805,4.1625,5.226
1,16bit,70,66,128,688.961,5.3825,7.115
1,16bit,71,73,128,1577.249,12.3223,19.588
1,16bit,72,49,128,525.92,4.1087,5.082
1,16bit,73,57,128,867.597,6.7781,10.302
1,16bit,74,110,128,677.558,5.2934,7.257
1,16bit,75,142,128,2223.084,17.3678,28.87
1,16bit,76,52,128,1010.015,7.8907,12.191
1,16bit,77,248,128,1237.413,9.6673,15.233
1,16bit,78,67,128,533.052,4.1645,5.369
1,16bit,79,37,128,1401.782,10.9514,17.267
1,16bit,80,65,29,107.943,3.7222,0.992
1,16bit,81,111,1,47.233,47.233,0.376
1,16bit,82,49,128,912.089,7.1257,10.741
1,16bit,83,61,128,1348.78,10.5373,16.52
1,16bit,84,94,128,1153.252,9.0098,13.351
1,16bit,85,43,128,775.466,6.0583,8.567
1,16bit,86,116,49,908.803,18.547,11.618
1,16bit,87,46,128,1476.225,11.533,18.282
1,16bit,88,80,77,560.246,7.2759,6.506
1,16bit,89,45,128,1155.734,9.0292,14.028
1,16bit,90,45,128,489.414,3.8235,4.501
1,16bit,91,346,128,585.583,4.5749,5.807
1,16bit,92,86,128,570.779,4.4592,5.663
1,16bit,93,207,1,0.0,0.0,0.012
1,16bit,94,62,128,677.656,5.2942,7.259
1,16bit,95,194,43,656.949,15.2779,8.372
1,16bit,96,67,128,1035.216,8.0876,12.315
1,16bit,97,72,128,806.689,6.3023,9.146
1,16bit,98,60,60,439.412,7.3235,5.335
1,16bit,99,106,128,522.905,4.0852,5.082
1,16bit,100,67,128,443.454,3.4645,4.355
1,16bit,101,37,128,1009.029,7.883,11.902
1,16bit,102,106,25,137.279,5.4912,1.391
1,16bit,103,231,63,594.793,9.4412,7.395
1,16bit,104,81,128,514.347,4.0183,5.083
1,16bit,105,63,91,1265.469,13.9063,16.353
1,16bit,106,96,128,521.826,4.0768,5.081
1,16bit,107,35,128,786.556,6.145,8.855
1,16bit,108,48,128,778.571,6.0826,8.42
1,16bit,109,62,128,944.248,7.3769,11.175
1,16bit,110,97,95,406.353,4.2774,4.058
1,16bit,111,222,25,80.804,3.2322,0.665
1,16bit,112,45,128,1832.209,14.3141,23.649
1,16bit,113,29,128,1423.587,11.1218,17.7
1,16bit,114,68,128,561.436,4.3862,5.378
1,16bit,115,56,128,1818.17,14.2045,23.649
1,16bit,116,71,128,528.33,4.1276,5.086
1,16bit,117,54,128,509.039,3.9769,4.792
1,16bit,118,57,128,545.63,4.2627,5.229
1,16bit,119,52,128,780.508,6.0977,8.492
1,16bit,120,66,23,143.59,6.243,1.519
1,16bit,121,145,128,774.229,6.0487,8.71
1,16bit,122,77,128,925.776,7.2326,10.621
1,16bit,123,21,128,668.099,5.2195,7.116
1,16bit,124,41,128,751.238,5.869,8.42
1,16bit,125,37,128,672.948,5.2574,7.116
1,16bit,126,90,56,200.402,3.5786,1.963
1,16bit,127,83,128,1701.689,13.2944,21.767
1,16bit,128,49,128,633.112,4.9462,6.676
1,16bit,129,75,128,577.209,4.5094,5.808
1,16bit,130,46,128,1231.951,9.6246,15.239
1,16bit,131,53,128,945.299,7.3851,11.227
1,16bit,132,44,128,1351.555,10.559,16.69
1,16bit,133,90,107,685.559,6.4071,8.084
1,16bit,134,66,128,627.49,4.9023,6.389
1,16bit,135,214,128,526.125,4.1104,5.227
1,16bit,136,301,128,509.448,3.9801,4.935
1,16bit,137,43,128,417.77,3.2638,3.922
1,16bit,138,48,128,569.303,4.4477,5.666
1,16bit,139,69,128,551.883,4.3116,5.514
1,16bit,140,68,128,767.716,5.9978,8.419
1,16bit,141,211,128,1034.053,8.0785,12.335
1,16bit,142,51,128,576.383,4.503,5.371
1,16bit,143,70,37,405.586,10.9618,4.984
1,16bit,144,61,73,585.098,8.015,6.761
1,16bit,145,40,128,670.624,5.2393,6.824
1,16bit,146,54,128,2149.711,16.7946,28.001
1,16bit,147,47,128,678.364,5.2997,7.405
1,16bit,148,37,128,605.786,4.7327,6.244
1,16bit,149,70,128,1248.034,9.7503,15.234
1,16bit,150,36,51,249.742,4.8969,2.499
1,16bit,151,64,128,911.281,7.1194,10.453
1,16bit,152,53,128,1492.138,11.6573,18.5
1,16bit,153,93,65,318.833,4.9051,3.277
1,16bit,154,49,128,1363.152,10.6496,16.547
1,16bit,155,66,106,442.168,4.1714,4.302
1,16bit,156,347,1,0.0,0.0,0.012
1,16bit,157,203,128,944.031,7.3752,11.61
1,16bit,158,66,48,234.088,4.8768,2.325
1,16bit,159,104,128,1092.89,8.5382,13.063
1,16bit,160,450,1,30.251,30.251,0.303
1,16bit,161,62,128,463.3,3.6195,4.358
1,16bit,162,280,1,11.245,11.245,0.012
1,16bit,163,65,55,226.677,4.1214,2.099
1,16bit,164,41,128,968.984,7.5702,11.464
1,16bit,165,336,1,0.0,0.0,0.012
1,16bit,166,62,20,174.16,8.708,2.142
1,16bit,167,38,128,806.102,6.2977,9.145
1,16bit,168,437,65,962.208,14.8032,12.487
1,16bit,169,84,42,229.654,5.468,2.272
1,16bit,170,62,128,570.989,4.4609,5.806
1,16bit,171,111,128,776.139,6.0636,8.563
1,16bit,172,54,128,1616.327,12.6276,20.601
1,16bit,173,615,1,0.0,0.0,0.012
1,16bit,174,47,128,438.485,3.4257,4.211
1,16bit,175,68,128,775.71,6.0602,9.001
1,16bit,176,74,128,2497.552,19.5121,32.473
1,16bit,177,44,128,821.581,6.4186,9.58
1,16bit,178,64,128,813.748,6.3574,9.291
1,16bit,179,79,128,867.22,6.7752,10.02
1,16bit,180,31,128,1766.452,13.8004,22.563
1,16bit,181,130,128,1644.247,12.8457,20.892
1,16bit,182,44,128,1137.185,8.8843,13.638
1,16bit,183,88,128,1329.0,10.3828,16.976
1,16bit,184,43,128,545.085,4.2585,5.516
1,16bit,185,48,128,1735.305,13.5571,22.631
1,16bit,186,45,128,1613.938,12.6089,20.316
1,16bit,187,43,128,1300.889,10.1632,16.546
1,16bit,188,119,25,514.842,20.5937,6.471
1,16bit,189,101,128,2202.943,17.2105,28.868
1,16bit,190,53,128,1335.709,10.4352,16.684
1,16bit,191,70,128,487.577,3.8092,4.791
1,16bit,192,151,128,1319.194,10.3062,16.686
1,16bit,193,58,128,1305.443,10.1988,16.252
1,16bit,194,51,128,783.336,6.1198,8.709
1,16bit,195,69,128,949.156,7.4153,11.029
1,16bit,196,74,53,225.493,4.2546,2.227
1,16bit,197,50,128,2024.311,15.8149,26.403
1,16bit,198,28,128,751.981,5.8749,8.419
1,16bit,199,79,59,545.915,9.2528,6.489
1,16bit,200,33,128,500.732,3.912,4.79
1,16bit,201,54,128,1146.308,8.9555,14.221
1,16bit,202,65,35,735.57,21.0163,9.605
1,16bit,203,127,128,494.733,3.8651,4.79
1,16bit,204,46,128,1229.32,9.6041,15.236
1,16bit,205,51,128,1098.989,8.5859,13.207
1,16bit,206,45,128,655.717,5.1228,6.874
1,16bit,207,49,128,872.903,6.8196,10.16
1,16bit,208,90,128,1142.194,8.9234,13.93
1,16bit,209,77,128,1669.523,13.0431,21.329
1,16bit,210,96,128,1439.118,11.2431,18.143
1,16bit,211,63,47,215.089,4.5764,2.025
1,16bit,212,52,128,1492.139,11.6573,19.152
1,16bit,213,38,128,553.01,4.3204,5.373
1,16bit,214,81,128,1925.276,15.0412,25.244
1,16bit,215,52,128,1937.24,15.1347,24.958
1,16bit,216,256,128,773.998,6.0469,8.997
1,16bit,217,79,128,764.532,5.9729,8.707
1,16bit,218,41,128,520.603,4.0672,5.081
1,16bit,219,72,128,877.349,6.8543,10.304
1,16bit,220,47,128,1647.613,12.872,20.89
1,16bit,221,50,128,823.581,6.4342,9.584
1,16bit,222,85,128,1277.728,9.9823,15.964
1,16bit,223,207,31,179.739,5.798,1.88
1,16bit,224,273,44,182.367,4.1447,1.564
1,16bit,225,72,128,1898.216,14.8298,24.52
1,16bit,226,122,128,684.075,5.3443,7.408
1,16bit,227,55,128,1739.376,13.5889,22.635
1,16bit,228,43,128,921.943,7.2027,10.595
1,16bit,229,72,128,699.976,5.4686,7.888
1,16bit,230,50,49,195.069,3.981,1.754
1,16bit,231,54,128,825.742,6.4511,9.722
1,16bit,232,70,128,959.336,7.4948,11.174
1,16bit,233,56,128,1383.798,10.8109,17.559
1,16bit,234,38,128,1047.009,8.1798,13.062
1,16bit,235,24,64,512.797,8.0125,6.387
1,16bit,236,72,128,1008.651,7.8801,12.336
1,16bit,237,64,128,710.405,5.55,7.64
1,16bit,238,35,128,480.605,3.7547,4.21
1,16bit,239,93,128,1760.018,13.7501,22.635
1,16bit,240,54,128,1339.875,10.4678,16.394
1,16bit,241,51,128,909.561,7.1059,10.837
1,16bit,242,64,128,705.642,5.5128,7.545
1,16bit,243,53,128,1031.282,8.0569,12.311
1,16bit,244,26,128,1182.758,9.2403,14.221
1,16bit,245,217,128,785.06,6.1333,8.998
1,16bit,246,82,110,713.68,6.488,8.4
1,16bit,247,79,128,1188.079,9.2819,13.931
1,16bit,248,545,30,283.664,9.4555,3.757
1,16bit,249,28,128,1115.29,8.7132,13.791
1,16bit,250,46,128,880.85,6.8816,10.596
1,16bit,251,43,128,1133.315,8.854,13.768
1,16bit,252,59,49,246.147,5.0234,2.48
1,16bit,253,237,1,20.51,20.51,0.158
1,16bit,254,90,128,1107.845,8.655,13.253
1,16bit,255,52,128,703.425,5.4955,7.547
1,16bit,256,311,128,1151.955,8.9996,14.216
1,16bit,257,40,128,1544.381,12.0655,19.201
1,16bit,258,50,128,1444.263,11.2833,17.918
1,16bit,259,67,128,1128.038,8.8128,13.349
1,16bit,260,75,128,1160.569,9.0669,14.508
1,16bit,261,61,128,929.198,7.2594,11.171
1,16bit,262,67,128,1790.89,13.9913,22.921
1,16bit,263,65,128,1108.744,8.6621,13.201
1,16bit,264,49,45,231.328,5.1406,2.298
1,16bit,265,51,128,898.946,7.023,10.594
1,16bit,266,41,128,1225.08,9.5709,15.019
1,16bit,267,88,128,1736.338,13.5651,22.486
1,16bit,268,43,128,846.161,6.6106,9.871
1,16bit,269,48,128,1247.745,9.748,15.386
1,16bit,270,109,128,1609.112,12.5712,20.168
1,16bit,271,41,128,870.855,6.8036,9.87
1,16bit,272,40,128,1947.456,15.2145,25.1
1,16bit,273,41,128,572.78,4.4748,5.664
1,16bit,274,66,128,521.649,4.0754,4.934
1,16bit,275,53,128,1343.969,10.4998,16.62
1,16bit,276,37,128,519.524,4.0588,5.08
1,16bit,277,61,128,800.849,6.2566,9.143
1,16bit,278,52,128,785.36,6.1356,8.421
1,16bit,279,245,67,945.428,14.1109,12.075
1,16bit,280,93,128,498.907,3.8977,4.791
1,16bit,281,50,128,644.0,5.0312,7.259
1,16bit,282,129,1,0.0,0.0,0.012
1,16bit,283,42,128,1307.79,10.2171,16.254
1,16bit,284,65,128,812.188,6.3452,9.579
1,16bit,285,70,128,2165.054,16.9145,28.122
1,16bit,286,50,128,1118.589,8.739,13.642
1,16bit,287,91,41,170.079,4.1483,1.683
1,16bit,288,48,128,821.045,6.4144,8.857
1,16bit,289,47,128,1027.4,8.0266,11.897
1,16bit,290,60,128,1538.477,12.0194,19.594
1,16bit,291,107,128,1051.292,8.2132,12.92
1,16bit,292,83,128,1075.606,8.4032,13.353
1,16bit,293,69,128,978.478,7.6444,11.755
1,16bit,294,119,128,537.992,4.2031,5.375
1,16bit,295,87,128,800.005,6.25,9.146
1,16bit,296,70,128,786.493,6.1445,8.713
1,16bit,297,73,2,0.0,0.0,0.021
1,16bit,298,62,128,989.347,7.7293,11.901
1,16bit,299,34,128,1194.444,9.3316,15.094
1,16bit,300,44,128,1288.021,10.0627,16.4
1,16bit,301,245,46,384.205,8.3523,4.772
1,16bit,302,68,128,1347.816,10.5298,16.689
1,16bit,303,93,128,1036.808,8.1001,12.194
1,16bit,304,47,128,882.528,6.8947,9.966
1,16bit,305,56,128,1923.72,15.0291,24.954
1,16bit,306,53,128,1256.177,9.8139,15.816
1,16bit,307,66,128,1375.022,10.7424,17.41
1,16bit,308,32,128,845.895,6.6086,9.92
1,16bit,309,40,128,1030.041,8.0472,12.774
1,16bit,310,74,128,1850.569,14.4576,24.229
1,16bit,311,170,128,676.309,5.2837,7.356
1,16bit,312,50,128,1438.042,11.2347,17.847
1,16bit,313,67,128,1674.786,13.0843,21.618
1,16bit,314,74,128,785.519,6.1369,8.854
1,16bit,315,50,128,1235.786,9.6546,14.996
1,16bit,316,46,128,602.832,4.7096,5.955
1,16bit,317,97,128,1662.004,12.9844,21.256
1,16bit,318,33,128,506.171,3.9545,4.792
1,16bit,319,205,1,0.0,0.0,0.013
1,16bit,320,57,128,656.676,5.1303,6.829
1,16bit,321,85,16,252.716,15.7947,3.147
1,16bit,322,38,128,1595.926,12.4682,20.027
1,16bit,323,230,128,688.15,5.3762,7.549
1,16bit,324,30,128,953.221,7.447,11.324
1,16bit,325,159,128,1291.453,10.0895,16.397
1,16bit,326,65,128,1436.634,11.2237,17.991
1,16bit,327,124,128,1087.921,8.4994,12.917
1,16bit,328,39,128,947.685,7.4038,11.612
1,16bit,329,71,128,2300.483,17.9725,29.888
1,16bit,330,63,128,1150.745,8.9902,13.931
1,16bit,331,119,128,2125.036,16.6018,27.857
1,16bit,332,57,128,909.562,7.106,10.885
1,16bit,333,83,128,1029.798,8.0453,12.771
1,16bit,334,261,25,191.595,7.6638,2.406
1,16bit,335,65,128,1900.83,14.8502,24.37
1,16bit,336,154,128,1257.787,9.8265,15.67
1,16bit,337,82,128,905.271,7.0724,10.739
1,16bit,338,43,128,839.588,6.5593,9.873
1,16bit,339,32,128,784.776,6.1311,8.715
1,16bit,340,76,128,809.4,6.3234,9.293
1,16bit,341,102,50,537.106,10.7421,6.694
1,16bit,342,63,128,1079.464,8.4333,12.72
1,16bit,343,66,128,986.969,7.7107,12.19
1,16bit,344,47,128,623.947,4.8746,6.529
1,16bit,345,54,128,1777.782,13.8889,22.925
1,16bit,346,46,128,1138.17,8.892,13.496
1,16bit,347,54,128,602.687,4.7085,6.243
1,16bit,348,28,128,994.631,7.7706,11.732
1,16bit,349,34,45,348.68,7.7484,4.184
1,16bit,350,207,128,1173.071,9.1646,14.219
1,16bit,351,113,128,2116.55,16.5355,27.57
1,16bit,352,52,128,1260.491,9.8476,15.677
1,16bit,353,56,128,803.756,6.2793,9.287
1,16bit,354,57,128,716.848,5.6004,7.837
1,16bit,355,48,128,1235.514,9.6525,15.091
1,16bit,356,29,128,798.735,6.2401,8.901
1,16bit,357,201,128,491.768,3.8419,4.359
1,16bit,358,45,128,479.911,3.7493,4.215
1,16bit,359,54,128,516.032,4.0315,4.791
1,16bit,360,42,128,471.013,3.6798,4.213
1,16bit,361,62,128,1181.18,9.228,14.074
1,16bit,362,95,128,1476.292,11.5335,18.282
1,16bit,363,199,128,1181.644,9.2316,14.366
1,16bit,364,90,104,390.699,3.7567,3.414
1,16bit,365,154,1,23.847,23.847,0.158
1,16bit,366,79,38,134.374,3.5362,1.218
1,16bit,367,35,128,978.714,7.6462,11.341
1,16bit,368,32,128,1035.239,8.0878,12.046
1,16bit,369,96,128,1248.041,9.7503,15.192
1,16bit,370,67,128,556.539,4.348,5.52
1,16bit,371,59,121,1344.7,11.1132,16.766
1,16bit,372,247,47,790.691,16.8232,10.146
1,16bit,373,95,128,614.812,4.8032,5.809
1,16bit,374,31,128,621.36,4.8544,5.811
1,16bit,375,37,128,955.971,7.4685,11.177
1,16bit,376,68,128,1645.775,12.8576,20.748
1,16bit,377,54,128,746.227,5.8299,8.71
1,16bit,378,312,128,998.335,7.7995,12.336
1,16bit,379,56,128,1130.706,8.8336,13.645
1,16bit,380,361,1,21.259,21.259,0.303
1,16bit,381,56,128,1053.292,8.2288,12.409
1,16bit,382,50,128,565.306,4.4165,5.663
1,16bit,383,39,43,371.691,8.644,4.746
1,16bit,384,75,128,645.869,5.0459,6.748
1,16bit,385,70,128,1184.51,9.254,14.512
1,16bit,386,225,128,1031.021,8.0549,12.771
1,16bit,387,50,128,1427.19,11.1499,17.99
1,16bit,388,61,128,1059.387,8.2765,12.773
1,16bit,389,50,128,1236.02,9.6564,15.094
1,16bit,390,63,128,1515.051,11.8363,19.152
1,16bit,391,60,128,908.161,7.095,10.596
1,16bit,392,44,128,920.117,7.1884,10.886
1,16bit,393,46,128,1519.025,11.8674,19.225
1,16bit,394,72,118,936.226,7.9341,11.233
1,16bit,395,133,30,126.239,4.208,1.29
1,16bit,396,95,31,127.15,4.1016,1.3
1,16bit,397,58,128,922.845,7.2097,10.379
1,16bit,398,90,128,508.379,3.9717,4.935
1,16bit,399,49,128,1190.993,9.3046,14.948
1,16bit,400,76,128,870.549,6.8012,10.161
1,16bit,401,58,128,867.621,6.7783,10.16
1,16bit,402,42,128,637.611,4.9813,6.822
1,16bit,403,71,38,191.71,5.045,1.8
1,16bit,404,184,45,277.69,6.1709,3.169
1,16bit,405,39,128,1005.069,7.8521,12.193
1,16bit,406,79,128,1467.296,11.4633,18.43
1,16bit,407,46,128,1193.855,9.327,14.513
1,16bit,408,47,128,816.571,6.3795,9.292
1,16bit,409,61,128,947.793,7.4046,11.611
1,16bit,410,53,128,996.33,7.7838,11.83
1,16bit,411,81,128,728.951,5.6949,7.837
1,16bit,412,166,128,1468.626,11.4736,17.844
1,16bit,413,86,128,973.837,7.6081,11.319
1,16bit,414,98,128,1016.232,7.9393,12.624
1,16bit,415,192,30,125.784,4.1928,1.291
1,16bit,416,373,1,21.161,21.161,0.158
1,16bit,417,465,31,109.257,3.5244,1.011
1,16bit,418,62,128,980.308,7.6587,11.371
1,16bit,419,68,128,909.736,7.1073,11.034
1,16bit,420,65,63,1124.428,17.8481,14.503
1,16bit,421,49,83,730.993,8.8071,8.593
1,16bit,422,252,128,493.214,3.8532,4.788
1,16bit,423,44,128,805.893,6.296,8.999
1,16bit,424,58,128,540.052,4.2192,5.08
1,16bit,425,26,128,818.981,6.3983,9.288
1,16bit,426,35,128,995.761,7.7794,11.61
1,16bit,427,61,128,1387.451,10.8395,17.557
1,16bit,428,83,128,826.621,6.458,9.507
1,16bit,429,45,128,1244.044,9.7191,15.63
1,16bit,430,54,128,699.239,5.4628,7.451
1,16bit,431,57,128,829.928,6.4838,9.584
1,16bit,432,110,128,1543.811,12.061,19.444
1,16bit,433,43,128,1001.579,7.8248,12.191
1,16bit,434,75,36,173.884,4.8301,1.781
1,16bit,435,57,128,604.74,4.7245,5.902
1,16bit,436,80,64,277.566,4.337,2.762
1,16bit,437,88,128,1122.22,8.7673,14.079
1,16bit,438,119,128,605.612,4.7313,6.1
1,16bit,439,39,128,1897.321,14.8228,24.084
1,16bit,440,77,128,945.029,7.383,11.448
1,16bit,441,92,1,12.697,12.697,0.157
1,16bit,442,94,128,895.803,6.9985,10.305
1,16bit,443,51,128,471.969,3.6873,4.353
1,16bit,444,33,128,2041.999,15.9531,26.404
1,16bit,445,102,128,1467.199,11.4625,18.282
1,16bit,446,74,128,939.519,7.34,11.034
1,16bit,447,77,128,1623.114,12.6806,20.654
1,16bit,448,71,128,889.448,6.9488,10.02
1,16bit,449,41,128,1262.075,9.86,16.111
1,16bit,450,51,128,1460.692,11.4117,18.042
1,16bit,451,331,1,43.403,43.403,0.448
1,16bit,452,44,128,1255.851,9.8113,15.383
1,16bit,453,92,54,247.262,4.5789,2.38
1,16bit,454,63,128,1543.784,12.0608,19.734
1,16bit,455,37,128,1154.574,9.0201,13.789
1,16bit,456,135,89,707.367,7.9479,8.355
1,16bit,457,57,37,177.702,4.8028,1.79
1,16bit,458,49,37,158.7,4.2892,1.211
1,16bit,459,58,128,845.37,6.6045,9.439
1,16bit,460,68,128,908.648,7.0988,10.887
1,16bit,461,101,128,915.736,7.1542,10.742
1,16bit,462,79,128,985.18,7.6967,11.903
1,16bit,463,59,45,216.307,4.8068,2.009
1,16bit,464,30,128,917.266,7.1661,10.887
1,16bit,465,55,128,926.998,7.2422,10.883
1,16bit,466,35,128,598.662,4.677,6.098
1,16bit,467,93,128,960.153,7.5012,10.814
1,16bit,468,111,128,1380.606,10.786,17.123
1,16bit,469,135,128,562.549,4.3949,5.375
1,16bit,470,42,128,1054.817,8.2408,12.672
1,16bit,471,59,128,825.009,6.4454,9.438
1,16bit,472,167,30,127.857,4.2619,1.291
1,16bit,473,169,128,1245.72,9.7322,14.946
1,16bit,474,356,1,0.0,0.0,0.013
1,16bit,475,219,1,0.0,0.0,0.012
1,16bit,476,65,34,285.523,8.3977,3.432
1,16bit,477,190,128,1918.524,14.9885,24.813
1,16bit,478,65,128,832.552,6.5043,9.575
1,16bit,479,63,128,1231.174,9.6185,14.946
1,16bit,480,59,128,899.297,7.0258,10.738
1,16bit,481,48,128,1300.249,10.1582,15.598
1,16bit,482,128,1,37.079,37.079,0.303
1,16bit,483,125,128,867.125,6.7744,9.868
1,16bit,484,49,128,708.538,5.5355,7.546
1,16bit,485,68,128,950.095,7.4226,11.031
1,16bit,486,68,128,1323.049,10.3363,16.105
1,16bit,487,76,116,994.597,8.5741,12.08
1,16bit,488,100,128,1637.581,12.7936,20.899
1,16bit,489,39,128,1075.16,8.3997,13.354
1,16bit,490,44,128,558.525,4.3635,5.227
1,16bit,491,60,128,887.84,6.9363,10.305
1,16bit,492,54,128,1543.942,12.062,19.3
1,16bit,493,62,41,206.074,5.0262,1.971
1,16bit,494,224,1,0.0,0.0,0.012
1,16bit,495,189,128,1539.226,12.0252,19.734
1,16bit,496,109,128,919.709,7.1852,10.745
1,16bit,497,78,128,1301.14,10.1652,16.106
1,16bit,498,37,128,934.842,7.3035,11.176
1,16bit,499,70,128,498.809,3.8969,4.742
2,4bit,0,45,128,171.782,1.342,1.891
2,4bit,1,57,128,171.925,1.3432,1.896
2,4bit,2,110,50,62.646,1.2529,0.746
2,4bit,3,230,128,170.344,1.3308,1.895
2,4bit,4,275,1,0.0,0.0,0.024
2,4bit,5,47,128,170.975,1.3357,1.891
2,4bit,6,42,128,171.45,1.3395,1.892
2,4bit,7,49,128,171.959,1.3434,1.889
2,4bit,8,38,128,172.365,1.3466,1.892
2,4bit,9,66,128,170.989,1.3359,1.895
2,4bit,10,51,30,44.92,1.4973,0.445
2,4bit,11,59,128,171.753,1.3418,1.891
2,4bit,12,38,128,172.041,1.3441,1.887
2,4bit,13,45,128,172.516,1.3478,1.887
2,4bit,14,48,128,171.177,1.3373,1.89
2,4bit,15,299,128,171.661,1.3411,1.895
2,4bit,16,201,1,0.0,0.0,0.022
2,4bit,17,109,128,171.5,1.3398,1.892
2,4bit,18,49,128,172.546,1.348,1.89
2,4bit,19,60,128,172.839,1.3503,1.889
2,4bit,20,402,1,0.0,0.0,0.024
2,4bit,21,59,128,170.24,1.33,1.891
2,4bit,22,94,128,172.39,1.3468,1.893
2,4bit,23,58,128,172.469,1.3474,1.891
2,4bit,24,39,128,172.365,1.3466,1.894
2,4bit,25,65,40,53.984,1.3496,0.594
2,4bit,26,53,59,81.273,1.3775,0.873
2,4bit,27,76,128,172.152,1.3449,1.897
2,4bit,28,139,128,171.231,1.3377,1.895
2,4bit,29,239,128,172.643,1.3488,1.897
2,4bit,30,76,128,172.066,1.3443,1.893
2,4bit,31,59,128,172.476,1.3475,1.896
2,4bit,32,73,128,172.335,1.3464,1.895
2,4bit,33,45,128,171.75,1.3418,1.893
2,4bit,34,58,12,17.178,1.4315,0.18
2,4bit,35,34,128,171.527,1.3401,1.892
2,4bit,36,60,128,171.899,1.343,1.898
2,4bit,37,67,128,171.106,1.3368,1.894
2,4bit,38,60,128,172.566,1.3482,1.898
2,4bit,39,39,41,53.87,1.3139,0.608
2,4bit,40,115,128,172.757,1.3497,1.898
2,4bit,41,53,128,172.438,1.3472,1.893
2,4bit,42,86,128,172.513,1.3478,1.897
2,4bit,43,67,51,71.862,1.4091,0.76
2,4bit,44,79,128,172.363,1.3466,1.891
2,4bit,45,62,128,172.441,1.3472,1.888
2,4bit,46,67,128,172.266,1.3458,1.893
2,4bit,47,41,128,172.552,1.3481,1.893
2,4bit,48,71,128,173.301,1.3539,1.889
2,4bit,49,54,128,171.586,1.3405,1.892
2,4bit,50,70,128,171.403,1.3391,1.891
2,4bit,51,193,75,98.437,1.3125,1.113
2,4bit,52,90,128,172.638,1.3487,1.897
2,4bit,53,32,128,172.598,1.3484,1.894
2,4bit,54,72,128,172.92,1.3509,1.895
2,4bit,55,58,128,172.789,1.3499,1.895
2,4bit,56,42,128,172.624,1.3486,1.893
2,4bit,57,245,128,172.814,1.3501,1.897
2,4bit,58,181,123,163.359,1.3281,1.824
2,4bit,59,38,128,172.61,1.3485,1.892
2,4bit,60,80,128,172.764,1.3497,1.895
2,4bit,61,87,128,172.753,1.3496,1.895
2,4bit,62,173,128,172.869,1.3505,1.895
2,4bit,63,278,128,171.33,1.3385,1.894
2,4bit,64,46,128,172.839,1.3503,1.892
2,4bit,65,49,128,172.519,1.3478,1.894
2,4bit,66,104,128,172.49,1.3476,1.899
2,4bit,67,158,128,172.366,1.3466,1.898
2,4bit,68,78,128,172.233,1.3456,1.894
2,4bit,69,130,128,172.688,1.3491,1.895
2,4bit,70,66,128,172.611,1.3485,1.896
2,4bit,71,73,128,164.639,1.2862,1.896
2,4bit,72,49,59,73.281,1.2421,0.876
2,4bit,73,57,128,171.667,1.3411,1.895
2,4bit,74,110,128,171.324,1.3385,1.896
2,4bit,75,142,88,118.063,1.3416,1.306
2,4bit,76,52,128,173.172,1.3529,1.895
2,4bit,77,248,128,164.249,1.2832,1.891
2,4bit,78,67,128,171.848,1.3426,1.894
2,4bit,79,37,128,171.645,1.341,1.889
2,4bit,80,65,29,44.938,1.5496,0.432
2,4bit,81,111,1,0.0,0.0,0.022
2,4bit,82,49,128,171.53,1.3401,1.891
2,4bit,83,61,128,172.422,1.347,1.895
2,4bit,84,94,128,172.35,1.3465,1.894
2,4bit,85,43,128,172.364,1.3466,1.893
2,4bit,86,116,49,63.137,1.2885,0.731
2,4bit,87,46,50,72.361,1.4472,0.742
2,4bit,88,80,128,172.102,1.3445,1.895
2,4bit,89,45,41,53.404,1.3025,0.609
2,4bit,90,45,128,172.134,1.3448,1.896
2,4bit,91,346,128,172.897,1.3508,1.895
2,4bit,92,86,128,172.32,1.3463,1.892
2,4bit,93,207,1,0.0,0.0,0.022
2,4bit,94,62,128,170.686,1.3335,1.892
2,4bit,95,194,85,117.25,1.3794,1.26
2,4bit,96,67,128,170.94,1.3355,1.894
2,4bit,97,72,128,172.524,1.3478,1.897
2,4bit,98,60,74,99.424,1.3436,1.096
2,4bit,99,106,33,44.654,1.3532,0.495
2,4bit,100,67,128,172.371,1.3466,1.892
2,4bit,101,37,128,171.799,1.3422,1.891
2,4bit,102,106,79,108.754,1.3766,1.174
2,4bit,103,231,128,172.922,1.351,1.895
2,4bit,104,81,128,172.807,1.3501,1.892
2,4bit,105,63,128,172.489,1.3476,1.895
2,4bit,106,96,128,172.592,1.3484,1.898
2,4bit,107,35,128,172.417,1.347,1.894
2,4bit,108,48,40,53.911,1.3478,0.595
2,4bit,109,62,128,172.294,1.346,1.897
2,4bit,110,97,81,108.183,1.3356,1.207
2,4bit,111,222,128,172.321,1.3463,1.897
2,4bit,112,45,128,171.949,1.3434,1.894
2,4bit,113,29,128,171.845,1.3425,1.893
2,4bit,114,68,128,172.146,1.3449,1.891
2,4bit,115,56,128,171.909,1.343,1.896
2,4bit,116,71,128,171.805,1.3422,1.895
2,4bit,117,54,128,171.63,1.3409,1.894
2,4bit,118,57,128,170.532,1.3323,1.893
2,4bit,119,52,128,172.02,1.3439,1.891
2,4bit,120,66,37,53.944,1.4579,0.553
2,4bit,121,145,128,172.728,1.3494,1.896
2,4bit,122,77,128,172.138,1.3448,1.894
2,4bit,123,21,128,172.259,1.3458,1.889
2,4bit,124,41,128,172.438,1.3472,1.893
2,4bit,125,37,128,172.157,1.345,1.893
2,4bit,126,90,56,72.282,1.2908,0.834
2,4bit,127,83,128,172.457,1.3473,1.896
2,4bit,128,49,128,172.137,1.3448,1.892
2,4bit,129,75,128,172.461,1.3474,1.894
2,4bit,130,46,128,172.583,1.3483,1.892
2,4bit,131,53,128,172.235,1.3456,1.894
2,4bit,132,44,128,172.672,1.349,1.891
2,4bit,133,90,31,45.049,1.4532,0.464
2,4bit,134,66,128,171.807,1.3422,1.893
2,4bit,135,214,38,44.439,1.1694,0.568
2,4bit,136,301,128,173.184,1.353,1.894
2,4bit,137,43,128,171.927,1.3432,1.891
2,4bit,138,48,128,173.116,1.3525,1.893
2,4bit,139,69,128,172.673,1.349,1.896
2,4bit,140,68,128,172.531,1.3479,1.893
2,4bit,141,211,128,173.024,1.3517,1.894
2,4bit,142,51,128,172.965,1.3513,1.892
2,4bit,143,70,43,63.185,1.4694,0.64
2,4bit,144,61,73,99.307,1.3604,1.082
2,4bit,145,40,128,171.791,1.3421,1.894
2,4bit,146,54,128,173.205,1.3532,1.895
2,4bit,147,47,128,173.448,1.3551,1.894
2,4bit,148,37,128,173.02,1.3517,1.891
2,4bit,149,70,128,173.203,1.3531,1.894
2,4bit,150,36,128,173.325,1.3541,1.893
2,4bit,151,64,128,173.083,1.3522,1.896
2,4bit,152,53,128,173.006,1.3516,1.895
2,4bit,153,93,128,172.993,1.3515,1.896
2,4bit,154,49,128,172.619,1.3486,1.892
2,4bit,155,66,57,72.609,1.2738,0.848
2,4bit,156,347,1,6.892,6.892,0.024
2,4bit,157,203,128,173.285,1.3538,1.898
2,4bit,158,66,44,53.449,1.2148,0.655
2,4bit,159,104,50,71.744,1.4349,0.746
2,4bit,160,450,1,0.0,0.0,0.024
2,4bit,161,62,128,171.755,1.3418,1.897
2,4bit,162,280,1,0.0,0.0,0.024
2,4bit,163,65,128,171.18,1.3373,1.896
2,4bit,164,41,128,173.012,1.3517,1.894
2,4bit,165,336,1,7.854,7.854,0.024
2,4bit,166,62,41,55.291,1.3486,0.609
2,4bit,167,38,128,171.945,1.3433,1.895
2,4bit,168,437,64,91.561,1.4306,0.954
2,4bit,169,84,32,36.037,1.1262,0.478
2,4bit,170,62,128,172.793,1.3499,1.892
2,4bit,171,111,128,173.218,1.3533,1.896
2,4bit,172,54,128,173.536,1.3557,1.894
2,4bit,173,615,1,8.187,8.187,0.024
2,4bit,174,47,128,172.877,1.3506,1.895
2,4bit,175,68,128,172.263,1.3458,1.894
2,4bit,176,74,128,173.771,1.3576,1.893
2,4bit,177,44,128,173.012,1.3517,1.894
2,4bit,178,64,128,171.821,1.3424,1.894
2,4bit,179,79,128,173.081,1.3522,1.896
2,4bit,180,31,128,173.071,1.3521,1.893
2,4bit,181,130,128,173.009,1.3516,1.898
2,4bit,182,44,128,172.931,1.351,1.892
2,4bit,183,88,128,173.082,1.3522,1.899
2,4bit,184,43,128,172.729,1.3494,1.895
2,4bit,185,48,128,172.989,1.3515,1.892
2,4bit,186,45,128,172.828,1.3502,1.893
2,4bit,187,43,128,172.887,1.3507,1.896
2,4bit,188,119,62,81.545,1.3152,0.924
2,4bit,189,101,128,171.722,1.3416,1.896
2,4bit,190,53,128,173.282,1.3538,1.893
2,4bit,191,70,128,173.551,1.3559,1.896
2,4bit,192,151,90,127.296,1.4144,1.338
2,4bit,193,58,128,172.938,1.3511,1.895
2,4bit,194,51,128,172.824,1.3502,1.897
2,4bit,195,69,128,171.8,1.3422,1.897
2,4bit,196,74,42,53.449,1.2726,0.627
2,4bit,197,50,128,173.379,1.3545,1.89
2,4bit,198,28,128,172.893,1.3507,1.895
2,4bit,199,79,128,172.746,1.3496,1.898
2,4bit,200,33,128,172.03,1.344,1.892
2,4bit,201,54,128,172.514,1.3478,1.891
2,4bit,202,65,50,63.266,1.2653,0.744
2,4bit,203,127,128,172.135,1.3448,1.896
2,4bit,204,46,128,164.239,1.2831,1.892
2,4bit,205,51,128,172.413,1.347,1.893
2,4bit,206,45,128,172.253,1.3457,1.889
2,4bit,207,49,128,172.309,1.3462,1.893
2,4bit,208,90,128,173.021,1.3517,1.892
2,4bit,209,77,128,172.717,1.3494,1.892
2,4bit,210,96,128,173.178,1.353,1.893
2,4bit,211,63,36,54.29,1.5081,0.536
2,4bit,212,52,128,171.905,1.343,1.895
2,4bit,213,38,128,172.572,1.3482,1.894
2,4bit,214,81,128,172.694,1.3492,1.899
2,4bit,215,52,128,172.539,1.348,1.895
2,4bit,216,256,1,0.0,0.0,0.022
2,4bit,217,79,128,172.29,1.346,1.898
2,4bit,218,41,128,172.49,1.3476,1.897
2,4bit,219,72,128,172.452,1.3473,1.891
2,4bit,220,47,128,172.582,1.3483,1.895
2,4bit,221,50,128,172.833,1.3503,1.892
2,4bit,222,85,128,172.696,1.3492,1.896
2,4bit,223,207,38,53.941,1.4195,0.568
2,4bit,224,273,128,173.012,1.3517,1.896
2,4bit,225,72,26,35.943,1.3824,0.39
2,4bit,226,122,128,172.784,1.3499,1.898
2,4bit,227,55,128,172.393,1.3468,1.893
2,4bit,228,43,128,172.719,1.3494,1.892
2,4bit,229,72,128,172.864,1.3505,1.896
2,4bit,230,50,41,54.101,1.3195,0.61
2,4bit,231,54,35,45.155,1.2901,0.522
2,4bit,232,70,128,172.079,1.3444,1.895
2,4bit,233,56,128,172.402,1.3469,1.894
2,4bit,234,38,128,172.426,1.3471,1.896
2,4bit,235,24,128,172.447,1.3472,1.893
2,4bit,236,72,26,35.552,1.3674,0.389
2,4bit,237,64,20,26.68,1.334,0.302
2,4bit,238,35,128,172.348,1.3465,1.893
2,4bit,239,93,128,172.544,1.348,1.893
2,4bit,240,54,128,172.136,1.3448,1.895
2,4bit,241,51,128,172.324,1.3463,1.89
2,4bit,242,64,128,173.08,1.3522,1.89
2,4bit,243,53,128,173.217,1.3533,1.889
2,4bit,244,26,128,171.562,1.3403,1.891
2,4bit,245,217,128,171.991,1.3437,1.892
2,4bit,246,82,128,173.397,1.3547,1.894
2,4bit,247,79,93,127.426,1.3702,1.379
2,4bit,248,545,128,173.068,1.3521,1.895
2,4bit,249,28,128,172.456,1.3473,1.892
2,4bit,250,46,42,63.138,1.5033,0.625
2,4bit,251,43,128,172.668,1.349,1.891
2,4bit,252,59,49,63.528,1.2965,0.727
2,4bit,253,237,1,0.0,0.0,0.022
2,4bit,254,90,128,170.492,1.332,1.895
2,4bit,255,52,128,172.315,1.3462,1.893
2,4bit,256,311,118,163.641,1.3868,1.747
2,4bit,257,40,128,173.021,1.3517,1.892
2,4bit,258,50,128,172.953,1.3512,1.892
2,4bit,259,67,33,45.271,1.3718,0.491
2,4bit,260,75,128,173.128,1.3526,1.896
2,4bit,261,61,128,172.922,1.351,1.897
2,4bit,262,67,128,173.09,1.3523,1.9
2,4bit,263,65,128,172.33,1.3463,1.899
2,4bit,264,49,31,43.453,1.4017,0.462
2,4bit,265,51,22,26.408,1.2004,0.33
2,4bit,266,41,128,172.775,1.3498,1.897
2,4bit,267,88,24,35.836,1.4932,0.361
2,4bit,268,43,128,172.287,1.346,1.894
2,4bit,269,48,73,99.248,1.3596,1.082
2,4bit,270,109,128,172.776,1.3498,1.898
2,4bit,271,41,128,172.874,1.3506,1.892
2,4bit,272,40,128,172.322,1.3463,1.894
2,4bit,273,41,128,173.039,1.3519,1.894
2,4bit,274,66,128,172.983,1.3514,1.895
2,4bit,275,53,34,44.779,1.317,0.507
2,4bit,276,37,128,173.591,1.3562,1.892
2,4bit,277,61,128,173.112,1.3524,1.895
2,4bit,278,52,31,35.912,1.1585,0.461
2,4bit,279,245,128,172.911,1.3509,1.894
2,4bit,280,93,128,172.914,1.3509,1.894
2,4bit,281,50,128,172.758,1.3497,1.895
2,4bit,282,129,128,172.662,1.3489,1.897
2,4bit,283,42,128,164.426,1.2846,1.893
2,4bit,284,65,128,164.789,1.2874,1.894
2,4bit,285,70,128,164.801,1.2875,1.891
2,4bit,286,50,128,172.674,1.349,1.893
2,4bit,287,91,128,172.461,1.3474,1.896
2,4bit,288,48,128,172.469,1.3474,1.892
2,4bit,289,47,128,170.395,1.3312,1.895
2,4bit,290,60,128,172.146,1.3449,1.893
2,4bit,291,107,128,171.945,1.3433,1.898
2,4bit,292,83,128,172.17,1.3451,1.896
2,4bit,293,69,128,164.457,1.2848,1.896
2,4bit,294,119,22,27.277,1.2399,0.333
2,4bit,295,87,128,172.415,1.347,1.899
2,4bit,296,70,128,171.807,1.3422,1.896
2,4bit,297,73,128,173.161,1.3528,1.893
2,4bit,298,62,128,173.694,1.357,1.894
2,4bit,299,34,128,173.265,1.3536,1.893
2,4bit,300,44,128,173.507,1.3555,1.893
2,4bit,301,245,70,91.175,1.3025,1.04
2,4bit,302,68,128,172.386,1.3468,1.894
2,4bit,303,93,43,62.958,1.4641,0.641
2,4bit,304,47,128,172.029,1.344,1.893
2,4bit,305,56,128,172.438,1.3472,1.895
2,4bit,306,53,128,172.14,1.3448,1.892
2,4bit,307,66,128,171.103,1.3367,1.896
2,4bit,308,32,128,171.84,1.3425,1.892
2,4bit,309,40,128,172.24,1.3456,1.893
2,4bit,310,74,128,172.093,1.3445,1.892
2,4bit,311,170,128,172.174,1.3451,1.899
2,4bit,312,50,128,171.888,1.3429,1.892
2,4bit,313,67,128,172.189,1.3452,1.894
2,4bit,314,74,128,172.063,1.3442,1.894
2,4bit,315,50,128,172.041,1.3441,1.891
2,4bit,316,46,128,172.599,1.3484,1.892
2,4bit,317,97,128,172.644,1.3488,1.896
2,4bit,318,33,128,172.413,1.347,1.895
2,4bit,319,205,71,90.264,1.2713,1.056
2,4bit,320,57,128,171.983,1.3436,1.895
2,4bit,321,85,128,171.725,1.3416,1.897
2,4bit,322,38,128,163.616,1.2782,1.89
2,4bit,323,230,128,171.799,1.3422,1.898
2,4bit,324,30,128,171.447,1.3394,1.893
2,4bit,325,159,128,171.86,1.3427,1.897
2,4bit,326,65,128,163.682,1.2788,1.894
2,4bit,327,124,128,164.101,1.282,1.895
2,4bit,328,39,128,163.822,1.2799,1.893
2,4bit,329,71,128,164.023,1.2814,1.893
2,4bit,330,63,128,172.061,1.3442,1.894
2,4bit,331,119,38,53.405,1.4054,0.569
2,4bit,332,57,128,172.376,1.3467,1.894
2,4bit,333,83,128,171.811,1.3423,1.898
2,4bit,334,261,128,171.594,1.3406,1.897
2,4bit,335,65,128,171.527,1.3401,1.894
2,4bit,336,154,128,171.927,1.3432,1.894
2,4bit,337,82,128,171.745,1.3418,1.896
2,4bit,338,43,50,71.315,1.4263,0.742
2,4bit,339,32,128,172.965,1.3513,1.898
2,4bit,340,76,128,170.931,1.3354,1.896
2,4bit,341,102,128,172.317,1.3462,1.901
2,4bit,342,63,128,172.032,1.344,1.897
2,4bit,343,66,128,170.992,1.3359,1.899
2,4bit,344,47,128,173.003,1.3516,1.897
2,4bit,345,54,128,172.883,1.3506,1.895
2,4bit,346,46,128,172.835,1.3503,1.892
2,4bit,347,54,128,172.709,1.3493,1.897
2,4bit,348,28,128,172.37,1.3466,1.895
2,4bit,349,34,128,172.386,1.3468,1.893
2,4bit,350,207,128,172.589,1.3484,1.898
2,4bit,351,113,128,171.356,1.3387,1.903
2,4bit,352,52,128,172.697,1.3492,1.898
2,4bit,353,56,128,171.973,1.3435,1.902
2,4bit,354,57,128,171.669,1.3412,1.898
2,4bit,355,48,128,171.066,1.3365,1.897
2,4bit,356,29,128,171.874,1.3428,1.896
2,4bit,357,201,128,172.998,1.3515,1.897
2,4bit,358,45,128,172.535,1.3479,1.895
2,4bit,359,54,128,172.506,1.3477,1.894
2,4bit,360,42,128,172.288,1.346,1.894
2,4bit,361,62,128,172.792,1.3499,1.894
2,4bit,362,95,128,172.651,1.3488,1.896
2,4bit,363,199,128,172.848,1.3504,1.899
2,4bit,364,90,128,173.79,1.3577,1.897
2,4bit,365,154,1,0.0,0.0,0.022
2,4bit,366,79,36,44.002,1.2223,0.538
2,4bit,367,35,128,171.922,1.3431,1.893
2,4bit,368,32,128,171.959,1.3434,1.894
2,4bit,369,96,80,108.123,1.3515,1.186
2,4bit,370,67,128,172.964,1.3513,1.892
2,4bit,371,59,128,172.888,1.3507,1.894
2,4bit,372,247,78,109.152,1.3994,1.156
2,4bit,373,95,128,173.299,1.3539,1.891
2,4bit,374,31,128,172.489,1.3476,1.892
2,4bit,375,37,128,173.097,1.3523,1.893
2,4bit,376,68,128,173.388,1.3546,1.889
2,4bit,377,54,128,171.809,1.3423,1.89
2,4bit,378,312,128,172.288,1.346,1.894
2,4bit,379,56,128,173.019,1.3517,1.89
2,4bit,380,361,1,0.0,0.0,0.024
2,4bit,381,56,128,171.824,1.3424,1.891
2,4bit,382,50,128,172.402,1.3469,1.894
2,4bit,383,39,128,172.156,1.345,1.891
2,4bit,384,75,128,172.354,1.3465,1.896
2,4bit,385,70,128,172.191,1.3452,1.896
2,4bit,386,225,128,172.837,1.3503,1.897
2,4bit,387,50,128,172.119,1.3447,1.893
2,4bit,388,61,128,172.17,1.3451,1.896
2,4bit,389,50,128,171.954,1.3434,1.892
2,4bit,390,63,128,172.245,1.3457,1.895
2,4bit,391,60,128,170.58,1.3327,1.895
2,4bit,392,44,128,172.272,1.3459,1.891
2,4bit,393,46,128,172.493,1.3476,1.894
2,4bit,394,72,128,172.534,1.3479,1.89
2,4bit,395,133,31,45.106,1.455,0.465
2,4bit,396,95,128,171.974,1.3435,1.897
2,4bit,397,58,51,61.876,1.2133,0.76
2,4bit,398,90,128,172.605,1.3485,1.895
2,4bit,399,49,128,172.402,1.3469,1.888
2,4bit,400,76,128,172.351,1.3465,1.899
2,4bit,401,58,128,172.327,1.3463,1.898
2,4bit,402,42,128,172.386,1.3468,1.894
2,4bit,403,71,34,53.524,1.5742,0.506
2,4bit,404,184,128,173.094,1.3523,1.895
2,4bit,405,39,128,173.129,1.3526,1.891
2,4bit,406,79,128,172.745,1.3496,1.897
2,4bit,407,46,128,172.254,1.3457,1.892
2,4bit,408,47,128,172.371,1.3466,1.893
2,4bit,409,61,128,171.698,1.3414,1.894
2,4bit,410,53,128,172.658,1.3489,1.896
2,4bit,411,81,128,172.495,1.3476,1.894
2,4bit,412,166,128,172.579,1.3483,1.892
2,4bit,413,86,128,172.286,1.346,1.895
2,4bit,414,98,128,172.421,1.347,1.894
2,4bit,415,192,75,99.71,1.3295,1.115
2,4bit,416,373,1,0.0,0.0,0.024
2,4bit,417,465,128,171.694,1.3414,1.9
2,4bit,418,62,128,172.688,1.3491,1.897
2,4bit,419,68,128,171.56,1.3403,1.9
2,4bit,420,65,128,171.24,1.3378,1.897
2,4bit,421,49,27,34.93,1.2937,0.402
2,4bit,422,252,128,172.709,1.3493,1.901
2,4bit,423,44,128,171.772,1.342,1.899
2,4bit,424,58,128,164.203,1.2828,1.894
2,4bit,425,26,128,163.598,1.2781,1.895
2,4bit,426,35,128,163.994,1.2812,1.891
2,4bit,427,61,128,171.098,1.3367,1.895
2,4bit,428,83,128,171.895,1.3429,1.895
2,4bit,429,45,128,164.141,1.2824,1.896
2,4bit,430,54,128,173.261,1.3536,1.896
2,4bit,431,57,128,173.072,1.3521,1.897
2,4bit,432,110,128,172.347,1.3465,1.901
2,4bit,433,43,128,171.744,1.3417,1.897
2,4bit,434,75,128,171.622,1.3408,1.894
2,4bit,435,57,14,16.979,1.2128,0.211
2,4bit,436,80,128,171.983,1.3436,1.895
2,4bit,437,88,128,171.58,1.3405,1.9
2,4bit,438,119,128,171.319,1.3384,1.899
2,4bit,439,39,71,99.465,1.4009,1.053
2,4bit,440,77,128,171.665,1.3411,1.896
2,4bit,441,92,1,0.0,0.0,0.022
2,4bit,442,94,79,105.955,1.3412,1.176
2,4bit,443,51,128,172.855,1.3504,1.893
2,4bit,444,33,128,172.207,1.3454,1.896
2,4bit,445,102,128,170.717,1.3337,1.899
2,4bit,446,74,128,171.84,1.3425,1.897
2,4bit,447,77,128,171.897,1.3429,1.898
2,4bit,448,71,128,170.842,1.3347,1.9
2,4bit,449,41,128,172.173,1.3451,1.893
2,4bit,450,51,128,172.005,1.3438,1.895
2,4bit,451,331,1,0.0,0.0,0.024
2,4bit,452,44,128,170.387,1.3311,1.894
2,4bit,453,92,128,171.466,1.3396,1.897
2,4bit,454,63,128,172.594,1.3484,1.893
2,4bit,455,37,128,172.224,1.3455,1.898
2,4bit,456,135,66,90.186,1.3665,0.984
2,4bit,457,57,128,170.894,1.3351,1.896
2,4bit,458,49,128,172.235,1.3456,1.896
2,4bit,459,58,128,172.351,1.3465,1.893
2,4bit,460,68,128,172.683,1.3491,1.894
2,4bit,461,101,128,172.749,1.3496,1.896
2,4bit,462,79,128,171.569,1.3404,1.897
2,4bit,463,59,128,172.046,1.3441,1.896
2,4bit,464,30,128,172.001,1.3438,1.893
2,4bit,465,55,128,172.126,1.3447,1.891
2,4bit,466,35,128,172.351,1.3465,1.892
2,4bit,467,93,1,8.379,8.379,0.02
2,4bit,468,111,128,172.074,1.3443,1.896
2,4bit,469,135,128,171.699,1.3414,1.897
2,4bit,470,42,128,171.812,1.3423,1.894
2,4bit,471,59,128,171.76,1.3419,1.891
2,4bit,472,167,104,135.661,1.3044,1.542
2,4bit,473,169,128,170.793,1.3343,1.897
2,4bit,474,356,1,0.0,0.0,0.024
2,4bit,475,219,1,7.001,7.001,0.022
2,4bit,476,65,50,63.635,1.2727,0.743
2,4bit,477,190,128,171.419,1.3392,1.898
2,4bit,478,65,128,170.958,1.3356,1.9
2,4bit,479,63,128,171.994,1.3437,1.9
2,4bit,480,59,22,35.371,1.6078,0.33
2,4bit,481,48,128,171.658,1.3411,1.898
2,4bit,482,128,1,0.0,0.0,0.022
2,4bit,483,125,128,169.835,1.3268,1.899
2,4bit,484,49,128,171.232,1.3377,1.892
2,4bit,485,68,128,172.262,1.3458,1.899
2,4bit,486,68,128,171.318,1.3384,1.896
2,4bit,487,76,128,170.852,1.3348,1.898
2,4bit,488,100,128,170.806,1.3344,1.898
2,4bit,489,39,59,79.453,1.3467,0.876
2,4bit,490,44,128,171.89,1.3429,1.894
2,4bit,491,60,128,171.922,1.3431,1.895
2,4bit,492,54,128,171.718,1.3415,1.893
2,4bit,493,62,1,0.0,0.0,0.018
2,4bit,494,224,1,7.417,7.417,0.022
2,4bit,495,189,128,170.93,1.3354,1.9
2,4bit,496,109,128,171.948,1.3433,1.899
2,4bit,497,78,128,171.465,1.3396,1.895
2,4bit,498,37,128,171.503,1.3399,1.896
2,4bit,499,70,128,171.393,1.339,1.899
2,8bit,0,45,128,397.305,3.1039,4.822
2,8bit,1,57,60,177.398,2.9566,2.258
2,8bit,2,110,25,79.241,3.1696,0.95
2,8bit,3,230,116,353.215,3.045,4.44
2,8bit,4,275,1,7.534,7.534,0.055
2,8bit,5,47,128,397.648,3.1066,4.866
2,8bit,6,42,128,390.115,3.0478,4.812
2,8bit,7,49,128,395.252,3.0879,4.934
2,8bit,8,38,128,374.714,2.9275,4.608
2,8bit,9,66,128,396.464,3.0974,4.833
2,8bit,10,51,44,136.674,3.1062,1.672
2,8bit,11,59,50,146.487,2.9297,1.858
2,8bit,12,38,128,383.104,2.993,4.666
2,8bit,13,45,128,389.974,3.0467,4.782
2,8bit,14,48,128,381.398,2.9797,4.72
2,8bit,15,299,25,72.82,2.9128,0.925
2,8bit,16,201,1,0.0,0.0,0.054
2,8bit,17,109,128,381.777,2.9826,4.696
2,8bit,18,49,128,388.499,3.0351,4.784
2,8bit,19,60,128,381.656,2.9817,4.728
2,8bit,20,402,1,7.288,7.288,0.055
2,8bit,21,59,128,374.805,2.9282,4.642
2,8bit,22,94,128,390.361,3.0497,4.799
2,8bit,23,58,128,396.329,3.0963,4.911
2,8bit,24,39,128,389.055,3.0395,4.84
2,8bit,25,65,128,389.189,3.0405,4.812
2,8bit,26,53,128,387.649,3.0285,4.797
2,8bit,27,76,128,394.592,3.0827,4.88
2,8bit,28,139,39,119.859,3.0733,1.463
2,8bit,29,239,128,388.942,3.0386,4.766
2,8bit,30,76,128,395.341,3.0886,4.921
2,8bit,31,59,128,394.738,3.0839,4.872
2,8bit,32,73,128,388.59,3.0359,4.851
2,8bit,33,45,128,395.298,3.0883,4.874
2,8bit,34,58,128,388.342,3.0339,4.813
2,8bit,35,34,128,382.046,2.9847,4.661
2,8bit,36,60,128,388.516,3.0353,4.815
2,8bit,37,67,128,388.526,3.0354,4.763
2,8bit,38,60,128,395.538,3.0901,4.94
2,8bit,39,39,128,388.495,3.0351,4.746
2,8bit,40,115,128,395.728,3.0916,4.869
2,8bit,41,53,128,403.051,3.1488,4.974
2,8bit,42,86,128,387.478,3.0272,4.864
2,8bit,43,67,128,387.833,3.0299,4.803
2,8bit,44,79,128,389.746,3.0449,4.702
2,8bit,45,62,128,382.22,2.9861,4.752
2,8bit,46,67,128,395.79,3.0921,4.854
2,8bit,47,41,128,403.442,3.1519,4.99
2,8bit,48,71,128,390.022,3.047,4.787
2,8bit,49,54,128,395.617,3.0908,4.892
2,8bit,50,70,128,395.634,3.0909,4.914
2,8bit,51,193,1,7.335,7.335,0.055
2,8bit,52,90,128,394.701,3.0836,4.927
2,8bit,53,32,128,385.357,3.0106,4.841
2,8bit,54,72,128,396.619,3.0986,4.811
2,8bit,55,58,128,389.057,3.0395,4.831
2,8bit,56,42,128,397.904,3.1086,4.879
2,8bit,57,245,128,396.039,3.0941,4.893
2,8bit,58,181,128,387.739,3.0292,4.76
2,8bit,59,38,128,380.431,2.9721,4.731
2,8bit,60,80,128,394.712,3.0837,4.895
2,8bit,61,87,128,394.691,3.0835,4.926
2,8bit,62,173,114,348.026,3.0529,4.302
2,8bit,63,278,128,389.053,3.0395,4.761
2,8bit,64,46,128,389.447,3.0426,4.758
2,8bit,65,49,128,387.102,3.0242,4.813
2,8bit,66,104,128,388.621,3.0361,4.797
2,8bit,67,158,63,186.095,2.9539,2.314
2,8bit,68,78,128,388.992,3.039,4.748
2,8bit,69,130,1,0.0,0.0,0.052
2,8bit,70,66,128,380.707,2.9743,4.64
2,8bit,71,73,128,373.127,2.9151,4.661
2,8bit,72,49,128,402.537,3.1448,4.945
2,8bit,73,57,128,386.415,3.0189,4.837
2,8bit,74,110,128,380.874,2.9756,4.684
2,8bit,75,142,128,396.073,3.0943,4.86
2,8bit,76,52,128,386.925,3.0229,4.804
2,8bit,77,248,128,388.004,3.0313,4.83
2,8bit,78,67,128,404.39,3.1593,4.907
2,8bit,79,37,128,381.379,2.9795,4.738
2,8bit,80,65,29,89.14,3.0738,1.055
2,8bit,81,111,1,0.0,0.0,0.052
2,8bit,82,49,128,388.229,3.033,4.747
2,8bit,83,61,128,389.127,3.0401,4.798
2,8bit,84,94,128,380.497,2.9726,4.669
2,8bit,85,43,128,387.425,3.0268,4.856
2,8bit,86,116,43,128.694,2.9929,1.583
2,8bit,87,46,128,379.623,2.9658,4.682
2,8bit,88,80,45,136.735,3.0386,1.648
2,8bit,89,45,37,105.324,2.8466,1.347
2,8bit,90,45,128,387.418,3.0267,4.745
2,8bit,91,346,128,387.969,3.031,4.865
2,8bit,92,86,128,389.291,3.0413,4.79
2,8bit,93,207,1,7.498,7.498,0.055
2,8bit,94,62,128,394.798,3.0844,4.915
2,8bit,95,194,43,128.663,2.9922,1.619
2,8bit,96,67,128,388.354,3.034,4.767
2,8bit,97,72,128,394.796,3.0843,4.894
2,8bit,98,60,74,226.078,3.0551,2.823
2,8bit,99,106,128,382.622,2.9892,4.711
2,8bit,100,67,128,396.148,3.0949,4.883
2,8bit,101,37,128,388.459,3.0348,4.82
2,8bit,102,106,25,79.465,3.1786,0.964
2,8bit,103,231,128,388.053,3.0317,4.848
2,8bit,104,81,128,395.36,3.0888,4.856
2,8bit,105,63,91,275.124,3.0233,3.425
2,8bit,106,96,128,394.452,3.0817,4.908
2,8bit,107,35,128,395.192,3.0874,4.863
2,8bit,108,48,128,389.009,3.0391,4.822
2,8bit,109,62,128,389.365,3.0419,4.813
2,8bit,110,97,128,389.395,3.0421,4.785
2,8bit,111,222,25,80.329,3.2132,0.963
2,8bit,112,45,128,380.074,2.9693,4.704
2,8bit,113,29,128,382.65,2.9895,4.694
2,8bit,114,68,128,383.429,2.9955,4.705
2,8bit,115,56,128,390.369,3.0498,4.727
2,8bit,116,71,128,388.713,3.0368,4.858
2,8bit,117,54,128,388.976,3.0389,4.764
2,8bit,118,57,128,381.664,2.9818,4.705
2,8bit,119,52,128,388.049,3.0316,4.827
2,8bit,120,66,39,114.051,2.9244,1.43
2,8bit,121,145,128,381.045,2.9769,4.756
2,8bit,122,77,128,375.241,2.9316,4.688
2,8bit,123,21,128,390.196,3.0484,4.752
2,8bit,124,41,128,397.109,3.1024,4.907
2,8bit,125,37,128,389.208,3.0407,4.815
2,8bit,126,90,54,169.422,3.1374,2.047
2,8bit,127,83,128,382.899,2.9914,4.688
2,8bit,128,49,128,381.814,2.9829,4.732
2,8bit,129,75,128,383.656,2.9973,4.694
2,8bit,130,46,128,382.944,2.9917,4.703
2,8bit,131,53,128,375.9,2.9367,4.681
2,8bit,132,44,128,389.318,3.0415,4.783
2,8bit,133,90,43,136.888,3.1834,1.618
2,8bit,134,66,128,389.107,3.0399,4.825
2,8bit,135,214,128,388.58,3.0358,4.815
2,8bit,136,301,128,382.416,2.9876,4.68
2,8bit,137,43,128,383.276,2.9943,4.729
2,8bit,138,48,128,391.427,3.058,4.756
2,8bit,139,69,128,390.842,3.0535,4.765
2,8bit,140,68,128,373.096,2.9148,4.643
2,8bit,141,211,128,381.93,2.9838,4.691
2,8bit,142,51,128,397.088,3.1022,4.904
2,8bit,143,70,128,395.727,3.0916,4.882
2,8bit,144,61,76,234.596,3.0868,2.861
2,8bit,145,40,128,387.605,3.0282,4.816
2,8bit,146,54,128,397.322,3.1041,4.835
2,8bit,147,47,128,388.637,3.0362,4.882
2,8bit,148,37,128,390.153,3.0481,4.844
2,8bit,149,70,128,390.088,3.0476,4.77
2,8bit,150,36,128,390.906,3.054,4.769
2,8bit,151,64,128,383.491,2.996,4.749
2,8bit,152,53,128,382.114,2.9853,4.661
2,8bit,153,93,128,381.828,2.983,4.713
2,8bit,154,49,128,389.965,3.0466,4.805
2,8bit,155,66,111,326.642,2.9427,4.016
2,8bit,156,347,1,7.255,7.255,0.056
2,8bit,157,203,31,97.0,3.129,1.15
2,8bit,158,66,51,146.65,2.8755,1.88
2,8bit,159,104,128,396.218,3.0955,4.872
2,8bit,160,450,1,7.111,7.111,0.056
2,8bit,161,62,128,396.141,3.0949,4.916
2,8bit,162,280,1,6.874,6.874,0.056
2,8bit,163,65,55,168.622,3.0659,2.083
2,8bit,164,41,128,389.065,3.0396,4.867
2,8bit,165,336,1,7.536,7.536,0.055
2,8bit,166,62,22,72.756,3.3071,0.85
2,8bit,167,38,128,391.35,3.0574,4.8
2,8bit,168,437,41,129.546,3.1597,1.588
2,8bit,169,84,40,121.829,3.0457,1.512
2,8bit,170,62,128,390.565,3.0513,4.823
2,8bit,171,111,128,404.477,3.16,4.981
2,8bit,172,54,128,399.121,3.1181,4.902
2,8bit,173,615,1,6.825,6.825,0.054
2,8bit,174,47,128,389.677,3.0444,4.796
2,8bit,175,68,128,389.778,3.0451,4.779
2,8bit,176,74,128,391.282,3.0569,4.788
2,8bit,177,44,128,390.24,3.0487,4.847
2,8bit,178,64,128,396.985,3.1014,4.912
2,8bit,179,79,128,375.045,2.93,4.615
2,8bit,180,31,128,389.621,3.0439,4.806
2,8bit,181,130,128,375.435,2.9331,4.629
2,8bit,182,44,128,375.787,2.9358,4.63
2,8bit,183,88,128,397.99,3.1093,4.854
2,8bit,184,43,128,390.957,3.0544,4.759
2,8bit,185,48,128,388.35,3.034,4.872
2,8bit,186,45,128,395.381,3.0889,4.845
2,8bit,187,43,128,389.387,3.0421,4.818
2,8bit,188,119,128,397.251,3.1035,4.833
2,8bit,189,101,128,389.274,3.0412,4.845
2,8bit,190,53,128,398.729,3.1151,4.872
2,8bit,191,70,128,383.52,2.9962,4.684
2,8bit,192,151,128,389.973,3.0467,4.786
2,8bit,193,58,128,374.684,2.9272,4.656
2,8bit,194,51,128,390.056,3.0473,4.773
2,8bit,195,69,128,390.654,3.052,4.79
2,8bit,196,74,55,170.279,3.096,2.036
2,8bit,197,50,128,383.039,2.9925,4.752
2,8bit,198,28,128,382.938,2.9917,4.714
2,8bit,199,79,128,398.048,3.1097,4.822
2,8bit,200,33,128,388.349,3.034,4.872
2,8bit,201,54,128,398.669,3.1146,4.905
2,8bit,202,65,51,153.764,3.015,1.914
2,8bit,203,127,128,389.939,3.0464,4.826
2,8bit,204,46,128,396.439,3.0972,4.877
2,8bit,205,51,128,397.884,3.1085,4.865
2,8bit,206,45,128,380.673,2.974,4.763
2,8bit,207,49,128,383.199,2.9937,4.639
2,8bit,208,90,128,381.674,2.9818,4.694
2,8bit,209,77,128,390.826,3.0533,4.78
2,8bit,210,96,33,104.151,3.1561,1.263
2,8bit,211,63,33,97.059,2.9412,1.242
2,8bit,212,52,128,403.332,3.151,4.995
2,8bit,213,38,128,395.877,3.0928,4.877
2,8bit,214,81,128,387.584,3.028,4.795
2,8bit,215,52,128,397.325,3.1041,4.869
2,8bit,216,256,128,387.526,3.0275,4.847
2,8bit,217,79,128,388.497,3.0351,4.788
2,8bit,218,41,128,396.756,3.0997,4.821
2,8bit,219,72,128,389.502,3.043,4.792
2,8bit,220,47,128,373.77,2.9201,4.63
2,8bit,221,50,128,390.403,3.05,4.836
2,8bit,222,85,124,383.086,3.0894,4.627
2,8bit,223,207,128,397.665,3.1068,4.921
2,8bit,224,273,39,120.638,3.0933,1.479
2,8bit,225,72,128,388.903,3.0383,4.779
2,8bit,226,122,128,390.218,3.0486,4.791
2,8bit,227,55,128,388.957,3.0387,4.853
2,8bit,228,43,128,405.883,3.171,4.926
2,8bit,229,72,128,396.315,3.0962,4.872
2,8bit,230,50,45,129.919,2.8871,1.676
2,8bit,231,54,128,411.869,3.2177,5.049
2,8bit,232,70,128,398.481,3.1131,4.896
2,8bit,233,56,128,405.076,3.1647,4.998
2,8bit,234,38,128,403.47,3.1521,4.999
2,8bit,235,24,54,168.627,3.1227,2.031
2,8bit,236,72,128,389.256,3.0411,4.864
2,8bit,237,64,52,161.5,3.1058,1.94
2,8bit,238,35,94,282.781,3.0083,3.511
2,8bit,239,93,128,387.739,3.0292,4.827
2,8bit,240,54,128,404.074,3.1568,4.943
2,8bit,241,51,128,394.484,3.0819,4.964
2,8bit,242,64,128,397.814,3.1079,4.906
2,8bit,243,53,128,396.814,3.1001,4.936
2,8bit,244,26,128,376.04,2.9378,4.604
2,8bit,245,217,128,383.098,2.993,4.716
2,8bit,246,82,128,410.668,3.2083,5.004
2,8bit,247,79,128,395.907,3.093,4.952
2,8bit,248,545,30,96.202,3.2067,1.146
2,8bit,249,28,128,388.971,3.0388,4.778
2,8bit,250,46,128,396.824,3.1002,4.907
2,8bit,251,43,128,387.665,3.0286,4.82
2,8bit,252,59,49,153.525,3.1332,1.844
2,8bit,253,237,1,0.0,0.0,0.056
2,8bit,254,90,128,395.875,3.0928,4.865
2,8bit,255,52,128,381.742,2.9824,4.673
2,8bit,256,311,128,373.818,2.9205,4.661
2,8bit,257,40,128,383.72,2.9978,4.687
2,8bit,258,50,128,397.538,3.1058,4.835
2,8bit,259,67,128,390.399,3.05,4.799
2,8bit,260,75,70,210.413,3.0059,2.61
2,8bit,261,61,128,390.06,3.0473,4.749
2,8bit,262,67,128,398.175,3.1107,4.888
2,8bit,263,65,128,388.982,3.0389,4.811
2,8bit,264,49,45,130.32,2.896,1.651
2,8bit,265,51,128,383.938,2.9995,4.663
2,8bit,266,41,128,382.607,2.9891,4.689
2,8bit,267,88,128,381.952,2.984,4.719
2,8bit,268,43,128,382.462,2.988,4.653
2,8bit,269,48,128,388.731,3.037,4.846
2,8bit,270,109,128,395.963,3.0935,4.885
2,8bit,271,41,128,403.711,3.154,4.93
2,8bit,272,40,128,387.403,3.0266,4.82
2,8bit,273,41,128,397.158,3.1028,4.858
2,8bit,274,66,128,395.865,3.0927,4.922
2,8bit,275,53,128,396.708,3.0993,4.89
2,8bit,276,37,128,395.4,3.0891,4.94
2,8bit,277,61,128,382.545,2.9886,4.647
2,8bit,278,52,128,404.224,3.158,4.986
2,8bit,279,245,62,185.481,2.9916,2.281
2,8bit,280,93,128,396.207,3.0954,4.88
2,8bit,281,50,128,374.332,2.9245,4.606
2,8bit,282,129,48,145.295,3.027,1.782
2,8bit,283,42,128,385.958,3.0153,4.792
2,8bit,284,65,128,388.46,3.0348,4.799
2,8bit,285,70,128,380.26,2.9708,4.716
2,8bit,286,50,128,381.798,2.9828,4.739
2,8bit,287,91,128,395.995,3.0937,4.888
2,8bit,288,48,128,396.87,3.1005,4.846
2,8bit,289,47,128,394.841,3.0847,4.916
2,8bit,290,60,128,381.556,2.9809,4.722
2,8bit,291,107,128,396.45,3.0973,4.85
2,8bit,292,83,128,390.024,3.0471,4.788
2,8bit,293,69,128,391.413,3.0579,4.761
2,8bit,294,119,30,88.525,2.9508,1.129
2,8bit,295,87,41,129.322,3.1542,1.555
2,8bit,296,70,128,390.164,3.0482,4.837
2,8bit,297,73,2,7.14,3.57,0.088
2,8bit,298,62,128,390.205,3.0485,4.753
2,8bit,299,34,128,390.219,3.0486,4.802
2,8bit,300,44,128,374.242,2.9238,4.671
2,8bit,301,245,128,404.107,3.1571,4.904
2,8bit,302,68,128,388.978,3.0389,4.829
2,8bit,303,93,128,402.515,3.1446,4.988
2,8bit,304,47,128,394.192,3.0796,4.909
2,8bit,305,56,128,387.248,3.0254,4.779
2,8bit,306,53,128,381.361,2.9794,4.671
2,8bit,307,66,128,380.441,2.9722,4.751
2,8bit,308,32,128,389.104,3.0399,4.76
2,8bit,309,40,128,389.3,3.0414,4.768
2,8bit,310,74,128,388.635,3.0362,4.799
2,8bit,311,170,128,381.418,2.9798,4.708
2,8bit,312,50,128,404.808,3.1626,4.977
2,8bit,313,67,128,374.716,2.9275,4.654
2,8bit,314,74,128,396.329,3.0963,4.809
2,8bit,315,50,128,374.076,2.9225,4.667
2,8bit,316,46,128,388.661,3.0364,4.734
2,8bit,317,97,128,380.701,2.9742,4.697
2,8bit,318,33,128,381.73,2.9823,4.722
2,8bit,319,205,1,6.189,6.189,0.055
2,8bit,320,57,128,390.228,3.0487,4.781
2,8bit,321,85,128,381.701,2.982,4.724
2,8bit,322,38,128,396.438,3.0972,4.935
2,8bit,323,230,128,398.493,3.1132,4.84
2,8bit,324,30,128,380.988,2.9765,4.706
2,8bit,325,159,79,243.737,3.0853,2.968
2,8bit,326,65,128,381.695,2.982,4.702
2,8bit,327,124,128,395.608,3.0907,4.909
2,8bit,328,39,128,397.206,3.1032,4.845
2,8bit,329,71,128,395.88,3.0928,4.914
2,8bit,330,63,128,396.691,3.0991,4.877
2,8bit,331,119,128,373.537,2.9183,4.604
2,8bit,332,57,128,387.821,3.0299,4.785
2,8bit,333,83,35,104.274,2.9793,1.314
2,8bit,334,261,115,341.179,2.9668,4.219
2,8bit,335,65,128,381.667,2.9818,4.631
2,8bit,336,154,128,374.059,2.9223,4.662
2,8bit,337,82,128,381.428,2.9799,4.665
2,8bit,338,43,128,388.459,3.0348,4.765
2,8bit,339,32,128,372.078,2.9069,4.667
2,8bit,340,76,128,381.849,2.9832,4.655
2,8bit,341,102,41,120.749,2.9451,1.498
2,8bit,342,63,128,394.547,3.0824,4.925
2,8bit,343,66,128,403.877,3.1553,4.904
2,8bit,344,47,128,381.564,2.981,4.696
2,8bit,345,54,128,380.31,2.9712,4.749
2,8bit,346,46,128,396.669,3.099,4.861
2,8bit,347,54,128,394.486,3.0819,4.916
2,8bit,348,28,128,403.063,3.1489,4.96
2,8bit,349,34,128,397.967,3.1091,4.872
2,8bit,350,207,73,218.487,2.993,2.766
2,8bit,351,113,128,402.842,3.1472,4.977
2,8bit,352,52,128,388.357,3.034,4.819
2,8bit,353,56,128,396.01,3.0938,4.869
2,8bit,354,57,128,395.878,3.0928,4.897
2,8bit,355,48,128,403.799,3.1547,4.931
2,8bit,356,29,128,388.558,3.0356,4.85
2,8bit,357,201,128,394.676,3.0834,4.914
2,8bit,358,45,128,396.521,3.0978,4.876
2,8bit,359,54,128,403.332,3.151,4.928
2,8bit,360,42,128,388.287,3.0335,4.794
2,8bit,361,62,128,388.252,3.0332,4.805
2,8bit,362,95,128,389.013,3.0392,4.784
2,8bit,363,199,128,387.371,3.0263,4.868
2,8bit,364,90,47,144.334,3.0709,1.778
2,8bit,365,154,1,6.69,6.69,0.054
2,8bit,366,79,88,265.121,3.0127,3.328
2,8bit,367,35,128,396.164,3.095,4.83
2,8bit,368,32,128,380.354,2.9715,4.757
2,8bit,369,96,128,388.634,3.0362,4.727
2,8bit,370,67,128,396.738,3.0995,4.894
2,8bit,371,59,128,381.863,2.9833,4.727
2,8bit,372,247,47,145.629,3.0985,1.771
2,8bit,373,95,128,373.065,2.9146,4.651
2,8bit,374,31,128,389.992,3.0468,4.782
2,8bit,375,37,128,388.723,3.0369,4.817
2,8bit,376,68,128,398.132,3.1104,4.927
2,8bit,377,54,128,389.795,3.0453,4.816
2,8bit,378,312,128,396.237,3.0956,4.92
2,8bit,379,56,128,396.764,3.0997,4.889
2,8bit,380,361,1,7.63,7.63,0.055
2,8bit,381,56,128,403.932,3.1557,4.969
2,8bit,382,50,128,382.008,2.9844,4.729
2,8bit,383,39,128,397.283,3.1038,4.838
2,8bit,384,75,128,395.167,3.0872,4.935
2,8bit,385,70,128,389.209,3.0407,4.829
2,8bit,386,225,128,402.129,3.1416,4.922
2,8bit,387,50,33,95.782,2.9025,1.258
2,8bit,388,61,128,410.059,3.2036,5.021
2,8bit,389,50,128,388.428,3.0346,4.846
2,8bit,390,63,128,390.039,3.0472,4.824
2,8bit,391,60,128,376.137,2.9386,4.629
2,8bit,392,44,128,395.877,3.0928,4.929
2,8bit,393,46,128,388.716,3.0368,4.784
2,8bit,394,72,96,283.586,2.954,3.485
2,8bit,395,133,47,137.635,2.9284,1.688
2,8bit,396,95,44,129.964,2.9537,1.585
2,8bit,397,58,128,373.832,2.9206,4.633
2,8bit,398,90,128,395.969,3.0935,4.825
2,8bit,399,49,128,374.28,2.9241,4.668
2,8bit,400,76,128,382.724,2.99,4.67
2,8bit,401,58,128,389.328,3.0416,4.76
2,8bit,402,42,128,395.743,3.0917,4.879
2,8bit,403,71,33,103.464,3.1353,1.277
2,8bit,404,184,45,137.746,3.061,1.695
2,8bit,405,39,128,396.152,3.0949,4.93
2,8bit,406,79,128,388.775,3.0373,4.843
2,8bit,407,46,128,395.475,3.0896,4.819
2,8bit,408,47,128,395.532,3.0901,4.936
2,8bit,409,61,128,389.222,3.0408,4.764
2,8bit,410,53,128,387.082,3.0241,4.815
2,8bit,411,81,128,388.893,3.0382,4.729
2,8bit,412,166,128,373.018,2.9142,4.671
2,8bit,413,86,128,388.727,3.0369,4.733
2,8bit,414,98,128,387.427,3.0268,4.771
2,8bit,415,192,96,274.737,2.8618,3.485
2,8bit,416,373,1,0.0,0.0,0.054
2,8bit,417,465,31,95.759,3.089,1.14
2,8bit,418,62,128,381.056,2.977,4.696
2,8bit,419,68,128,387.603,3.0281,4.806
2,8bit,420,65,128,388.583,3.0358,4.842
2,8bit,421,49,27,88.092,3.2627,1.025
2,8bit,422,252,128,396.19,3.0952,4.904
2,8bit,423,44,128,393.882,3.0772,4.918
2,8bit,424,58,128,395.742,3.0917,4.846
2,8bit,425,26,128,388.367,3.0341,4.876
2,8bit,426,35,128,397.028,3.1018,4.886
2,8bit,427,61,128,388.685,3.0366,4.8
2,8bit,428,83,128,382.146,2.9855,4.651
2,8bit,429,45,128,381.054,2.977,4.741
2,8bit,430,54,128,401.434,3.1362,4.969
2,8bit,431,57,128,390.09,3.0476,4.722
2,8bit,432,110,128,373.439,2.9175,4.683
2,8bit,433,43,128,381.906,2.9836,4.61
2,8bit,434,75,36,104.826,2.9118,1.326
2,8bit,435,57,80,235.478,2.9435,2.885
2,8bit,436,80,128,387.517,3.0275,4.762
2,8bit,437,88,128,387.372,3.0263,4.834
2,8bit,438,119,128,378.708,2.9587,4.73
2,8bit,439,39,128,387.827,3.0299,4.768
2,8bit,440,77,128,386.183,3.0171,4.818
2,8bit,441,92,1,7.279,7.279,0.053
2,8bit,442,94,128,394.548,3.0824,4.886
2,8bit,443,51,128,393.795,3.0765,4.876
2,8bit,444,33,128,387.555,3.0278,4.861
2,8bit,445,102,128,401.81,3.1391,4.918
2,8bit,446,74,128,387.426,3.0268,4.822
2,8bit,447,77,128,388.468,3.0349,4.814
2,8bit,448,71,128,395.233,3.0878,4.893
2,8bit,449,41,128,389.169,3.0404,4.792
2,8bit,450,51,128,397.067,3.1021,4.837
2,8bit,451,331,1,0.0,0.0,0.056
2,8bit,452,44,128,385.467,3.0115,4.813
2,8bit,453,92,95,284.283,2.9925,3.411
2,8bit,454,63,128,388.925,3.0385,4.81
2,8bit,455,37,128,380.716,2.9743,4.737
2,8bit,456,135,89,266.335,2.9925,3.3
2,8bit,457,57,37,112.742,3.0471,1.338
2,8bit,458,49,128,379.808,2.9672,4.748
2,8bit,459,58,128,395.644,3.091,4.828
2,8bit,460,68,128,394.259,3.0801,4.895
2,8bit,461,101,128,387.183,3.0249,4.8
2,8bit,462,79,128,379.796,2.9672,4.732
2,8bit,463,59,128,387.551,3.0277,4.819
2,8bit,464,30,128,381.597,2.9812,4.684
2,8bit,465,55,128,380.636,2.9737,4.69
2,8bit,466,35,128,387.959,3.0309,4.75
2,8bit,467,93,128,402.204,3.1422,4.982
2,8bit,468,111,128,388.623,3.0361,4.788
2,8bit,469,135,128,388.491,3.0351,4.84
2,8bit,470,42,128,388.877,3.0381,4.779
2,8bit,471,59,128,374.88,2.9287,4.623
2,8bit,472,167,60,186.194,3.1032,2.215
2,8bit,473,169,128,380.801,2.975,4.763
2,8bit,474,356,1,6.862,6.862,0.054
2,8bit,475,219,1,0.0,0.0,0.054
2,8bit,476,65,58,169.254,2.9182,2.078
2,8bit,477,190,128,389.853,3.0457,4.733
2,8bit,478,65,128,383.009,2.9923,4.709
2,8bit,479,63,128,396.477,3.0975,4.867
2,8bit,480,59,128,396.596,3.0984,4.932
2,8bit,481,48,128,388.646,3.0363,4.786
2,8bit,482,128,1,0.0,0.0,0.054
2,8bit,483,125,128,389.03,3.0393,4.859
2,8bit,484,49,128,389.602,3.0438,4.757
2,8bit,485,68,128,395.907,3.093,4.906
2,8bit,486,68,128,403.826,3.1549,4.977
2,8bit,487,76,128,380.998,2.9765,4.752
2,8bit,488,100,128,390.034,3.0471,4.746
2,8bit,489,39,128,381.594,2.9812,4.685
2,8bit,490,44,128,373.411,2.9173,4.619
2,8bit,491,60,128,389.328,3.0416,4.765
2,8bit,492,54,128,382.513,2.9884,4.702
2,8bit,493,62,38,113.499,2.9868,1.406
2,8bit,494,224,1,6.247,6.247,0.054
2,8bit,495,189,125,374.607,2.9969,4.637
2,8bit,496,109,128,398.216,3.1111,4.881
2,8bit,497,78,128,395.764,3.0919,4.926
2,8bit,498,37,128,405.466,3.1677,4.965
2,8bit,499,70,128,391.641,3.0597,4.798
2,16bit,0,45,128,471.584,3.6842,4.499
2,16bit,1,57,57,291.13,5.1075,2.844
2,16bit,2,110,25,131.038,5.2415,1.246
2,16bit,3,230,128,1082.155,8.4543,13.204
2,16bit,4,275,1,0.0,0.0,0.014
2,16bit,5,47,128,820.988,6.414,9.294
2,16bit,6,42,128,926.072,7.2349,10.744
2,16bit,7,49,128,1045.698,8.1695,12.481
2,16bit,8,38,128,2717.694,21.232,35.246
2,16bit,9,66,128,1291.414,10.0892,15.817
2,16bit,10,51,41,280.562,6.843,3.277
2,16bit,11,59,128,1141.101,8.9149,13.568
2,16bit,12,38,128,498.618,3.8955,4.789
2,16bit,13,45,128,1330.156,10.3918,16.394
2,16bit,14,48,128,598.572,4.6763,5.667
2,16bit,15,299,25,302.792,12.1117,3.858
2,16bit,16,201,1,18.679,18.679,0.158
2,16bit,17,109,128,1240.193,9.689,15.096
2,16bit,18,49,128,1360.689,10.6304,16.786
2,16bit,19,60,128,1130.035,8.8284,13.641
2,16bit,20,402,1,42.422,42.422,0.448
2,16bit,21,59,128,1241.871,9.7021,15.233
2,16bit,22,94,128,791.819,6.1861,9.288
2,16bit,23,58,128,885.626,6.919,10.449
2,16bit,24,39,128,1561.154,12.1965,19.51
2,16bit,25,65,128,789.34,6.1667,8.851
2,16bit,26,53,128,988.182,7.7202,12.188
2,16bit,27,76,128,1102.746,8.6152,13.785
2,16bit,28,139,128,1416.926,11.0697,17.701
2,16bit,29,239,128,1310.246,10.2363,15.959
2,16bit,30,76,128,1869.991,14.6093,24.513
2,16bit,31,59,128,1441.559,11.2622,17.991
2,16bit,32,73,128,580.588,4.5358,5.948
2,16bit,33,45,111,741.495,6.6801,8.699
2,16bit,34,58,128,1015.115,7.9306,12.533
2,16bit,35,34,128,540.47,4.2224,5.369
2,16bit,36,60,128,911.924,7.1244,10.738
2,16bit,37,67,128,900.871,7.0381,10.885
2,16bit,38,60,128,1034.83,8.0846,12.77
2,16bit,39,39,128,719.293,5.6195,7.693
2,16bit,40,115,128,851.209,6.6501,10.014
2,16bit,41,53,128,1019.402,7.9641,12.48
2,16bit,42,86,128,900.264,7.0333,10.885
2,16bit,43,67,128,1327.791,10.3734,16.691
2,16bit,44,79,128,1190.365,9.2997,14.801
2,16bit,45,62,128,1029.49,8.0429,12.772
2,16bit,46,67,128,919.943,7.1871,10.885
2,16bit,47,41,128,473.787,3.7015,4.498
2,16bit,48,71,128,777.368,6.0732,8.998
2,16bit,49,54,128,1889.808,14.7641,24.518
2,16bit,50,70,128,1791.161,13.9934,23.072
2,16bit,51,193,1,0.0,0.0,0.012
2,16bit,52,90,128,1713.511,13.3868,22.124
2,16bit,53,32,128,793.003,6.1953,8.707
2,16bit,54,72,128,1029.09,8.0398,12.771
2,16bit,55,58,128,1041.286,8.135,12.917
2,16bit,56,42,128,1022.896,7.9914,12.773
2,16bit,57,245,25,189.702,7.5881,2.407
2,16bit,58,181,128,821.04,6.4144,9.582
2,16bit,59,38,128,2026.081,15.8288,26.116
2,16bit,60,80,128,919.855,7.1864,10.306
2,16bit,61,87,128,465.38,3.6358,4.356
2,16bit,62,173,31,158.777,5.1218,1.446
2,16bit,63,278,128,988.718,7.7244,12.19
2,16bit,64,46,128,1029.198,8.0406,12.77
2,16bit,65,49,128,556.587,4.3483,5.372
2,16bit,66,104,128,1542.25,12.0488,19.586
2,16bit,67,158,32,323.945,10.1233,4.21
2,16bit,68,78,128,914.133,7.1417,10.736
2,16bit,69,130,128,707.806,5.5297,7.84
2,16bit,70,66,128,1213.626,9.4815,14.365
2,16bit,71,73,128,851.185,6.6499,10.016
2,16bit,72,49,128,482.189,3.7671,4.358
2,16bit,73,57,128,693.433,5.4174,7.404
2,16bit,74,110,128,813.362,6.3544,9.433
2,16bit,75,142,128,906.992,7.0859,10.744
2,16bit,76,52,128,1123.934,8.7807,14.079
2,16bit,77,248,128,1011.561,7.9028,12.336
2,16bit,78,67,128,1335.233,10.4315,16.54
2,16bit,79,37,128,996.801,7.7875,11.756
2,16bit,80,65,29,119.847,4.1327,1.283
2,16bit,81,111,1,0.0,0.0,0.012
2,16bit,82,49,128,1050.174,8.2045,12.043
2,16bit,83,61,128,543.049,4.2426,5.374
2,16bit,84,94,128,970.579,7.5826,11.756
2,16bit,85,43,128,1027.851,8.0301,12.768
2,16bit,86,116,49,385.072,7.8586,4.801
2,16bit,87,46,128,847.613,6.622,10.014
2,16bit,88,80,77,640.955,8.3241,7.958
2,16bit,89,45,128,996.008,7.7813,12.191
2,16bit,90,45,128,1341.204,10.4782,16.543
2,16bit,91,346,128,918.559,7.1762,10.593
2,16bit,92,86,128,1130.528,8.8322,13.495
2,16bit,93,207,1,23.461,23.461,0.302
2,16bit,94,62,128,803.607,6.2782,9.19
2,16bit,95,194,43,320.486,7.4532,4.021
2,16bit,96,67,128,869.479,6.7928,10.302
2,16bit,97,72,128,1585.535,12.387,19.875
2,16bit,98,60,60,387.964,6.4661,4.465
2,16bit,99,106,128,636.771,4.9748,6.681
2,16bit,100,67,128,1091.088,8.5241,13.154
2,16bit,101,37,128,661.937,5.1714,6.679
2,16bit,102,106,25,188.52,7.5408,2.31
2,16bit,103,231,63,308.531,4.8973,3.042
2,16bit,104,81,128,1019.259,7.963,11.995
2,16bit,105,63,91,599.624,6.5893,6.925
2,16bit,106,96,128,568.58,4.442,5.662
2,16bit,107,35,128,876.015,6.8439,10.308
2,16bit,108,48,128,886.514,6.9259,10.593
2,16bit,109,62,128,890.47,6.9568,10.593
2,16bit,110,97,95,645.857,6.7985,7.54
2,16bit,111,222,25,143.964,5.7586,1.827
2,16bit,112,45,128,1430.483,11.1756,17.796
2,16bit,113,29,128,723.865,5.6552,7.987
2,16bit,114,68,128,2063.561,16.1216,26.841
2,16bit,115,56,128,819.746,6.4043,9.725
2,16bit,116,71,128,1965.196,15.3531,24.955
2,16bit,117,54,128,780.374,6.0967,8.998
2,16bit,118,57,128,1056.752,8.2559,12.768
2,16bit,119,52,128,1103.832,8.6237,13.499
2,16bit,120,66,23,116.158,5.0503,1.229
2,16bit,121,145,128,782.55,6.1137,8.854
2,16bit,122,77,128,1216.215,9.5017,14.805
2,16bit,123,21,128,1642.802,12.8344,21.185
2,16bit,124,41,128,1559.279,12.1819,19.588
2,16bit,125,37,128,833.302,6.5102,9.674
2,16bit,126,90,56,891.714,15.9235,11.391
2,16bit,127,83,128,881.132,6.8838,10.449
2,16bit,128,49,128,1212.466,9.4724,15.092
2,16bit,129,75,128,1125.13,8.7901,13.786
2,16bit,130,46,128,805.988,6.2968,9.143
2,16bit,131,53,128,898.511,7.0196,10.449
2,16bit,132,44,128,1112.688,8.6929,13.932
2,16bit,133,90,107,713.483,6.6681,8.374
2,16bit,134,66,128,1456.141,11.3761,18.28
2,16bit,135,214,128,2329.834,18.2018,30.469
2,16bit,136,301,128,547.537,4.2776,5.66
2,16bit,137,43,128,1392.735,10.8807,17.121
2,16bit,138,48,128,921.75,7.2012,10.887
2,16bit,139,69,128,807.254,6.3067,8.852
2,16bit,140,68,128,1129.279,8.8225,13.493
2,16bit,141,211,128,1248.506,9.754,15.381
2,16bit,142,51,128,682.084,5.3288,7.113
2,16bit,143,70,37,401.203,10.8433,5.126
2,16bit,144,61,73,610.63,8.3648,7.123
2,16bit,145,40,128,682.55,5.3324,7.69
2,16bit,146,54,128,1026.721,8.0213,12.193
2,16bit,147,47,128,928.099,7.2508,10.715
2,16bit,148,37,128,551.982,4.3124,5.515
2,16bit,149,70,128,660.192,5.1578,7.258
2,16bit,150,36,51,332.407,6.5178,3.66
2,16bit,151,64,128,995.227,7.7752,12.261
2,16bit,152,53,128,1199.852,9.3738,14.802
2,16bit,153,93,65,1055.962,16.2456,13.795
2,16bit,154,49,128,1539.038,12.0237,19.443
2,16bit,155,66,106,853.585,8.0527,10.83
2,16bit,156,347,1,0.0,0.0,0.013
2,16bit,157,203,128,1568.478,12.2537,19.445
2,16bit,158,66,48,438.538,9.1362,5.518
2,16bit,159,104,128,960.588,7.5046,11.171
2,16bit,160,450,1,33.899,33.899,0.448
2,16bit,161,62,128,799.885,6.2491,9.0
2,16bit,162,280,1,0.0,0.0,0.013
2,16bit,163,65,55,144.994,2.6363,1.374
2,16bit,164,41,128,1569.071,12.2584,19.587
2,16bit,165,336,1,36.273,36.273,0.304
2,16bit,166,62,20,56.434,2.8217,0.475
2,16bit,167,38,128,474.813,3.7095,4.353
2,16bit,168,437,65,376.401,5.7908,4.222
2,16bit,169,84,42,211.686,5.0401,1.981
2,16bit,170,62,128,1262.852,9.866,15.672
2,16bit,171,111,128,1292.401,10.0969,15.813
2,16bit,172,54,128,843.033,6.5862,9.87
2,16bit,173,615,1,0.0,0.0,0.013
2,16bit,174,47,128,1155.439,9.0269,14.318
2,16bit,175,68,128,1404.682,10.9741,17.268
2,16bit,176,74,128,1682.472,13.1443,21.689
2,16bit,177,44,128,521.64,4.0753,5.079
2,16bit,178,64,128,1609.519,12.5744,20.461
2,16bit,179,79,128,616.731,4.8182,6.533
2,16bit,180,31,128,545.338,4.2605,5.371
2,16bit,181,130,128,550.122,4.2978,5.517
2,16bit,182,44,128,1026.343,8.0183,12.334
2,16bit,183,88,128,1026.778,8.0217,12.335
2,16bit,184,43,128,1312.436,10.2534,16.396
2,16bit,185,48,128,849.388,6.6358,10.012
2,16bit,186,45,128,1145.593,8.9499,14.075
2,16bit,187,43,128,1058.425,8.2689,12.625
2,16bit,188,119,25,326.244,13.0498,3.856
2,16bit,189,101,128,624.909,4.8821,6.237
2,16bit,190,53,128,991.632,7.7471,11.899
2,16bit,191,70,128,1113.307,8.6977,13.494
2,16bit,192,151,128,911.558,7.1215,10.715
2,16bit,193,58,128,759.376,5.9326,8.419
2,16bit,194,51,128,1098.961,8.5856,13.06
2,16bit,195,69,128,821.031,6.4143,9.141
2,16bit,196,74,53,252.083,4.7563,2.515
2,16bit,197,50,128,537.158,4.1965,5.081
2,16bit,198,28,128,1284.799,10.0375,15.335
2,16bit,199,79,59,251.949,4.2703,2.425
2,16bit,200,33,128,1031.603,8.0594,12.047
2,16bit,201,54,128,2269.752,17.7324,29.302
2,16bit,202,65,35,137.965,3.9419,1.192
2,16bit,203,127,128,1719.106,13.4305,21.902
2,16bit,204,46,128,1590.224,12.4236,20.022
2,16bit,205,51,128,821.287,6.4163,9.438
2,16bit,206,45,128,822.897,6.4289,9.294
2,16bit,207,49,128,1008.217,7.8767,12.339
2,16bit,208,90,128,1244.244,9.7207,15.381
2,16bit,209,77,128,1214.203,9.486,14.799
2,16bit,210,96,128,893.627,6.9815,10.571
2,16bit,211,63,47,457.988,9.7444,5.362
2,16bit,212,52,128,800.263,6.2521,9.434
2,16bit,213,38,128,1602.991,12.5234,20.314
2,16bit,214,81,128,788.054,6.1567,8.852
2,16bit,215,52,128,526.1,4.1102,5.08
2,16bit,216,256,128,787.169,6.1498,8.996
2,16bit,217,79,128,1103.519,8.6212,13.349
2,16bit,218,41,128,1211.439,9.4644,15.067
2,16bit,219,72,128,719.554,5.6215,7.982
2,16bit,220,47,128,1188.414,9.2845,14.728
2,16bit,221,50,128,1260.653,9.8489,15.522
2,16bit,222,85,128,1203.691,9.4038,14.657
2,16bit,223,207,31,155.258,5.0083,1.59
2,16bit,224,273,44,169.647,3.8556,1.42
2,16bit,225,72,128,575.606,4.4969,5.806
2,16bit,226,122,128,663.825,5.1861,6.824
2,16bit,227,55,128,1888.911,14.7571,24.52
2,16bit,228,43,128,1330.623,10.3955,16.687
2,16bit,229,72,128,1012.089,7.9069,12.049
2,16bit,230,50,49,244.198,4.9836,2.336
2,16bit,231,54,128,1297.829,10.1393,16.179
2,16bit,232,70,128,539.48,4.2147,5.514
2,16bit,233,56,128,982.865,7.6786,11.608
2,16bit,234,38,128,1105.742,8.6386,12.77
2,16bit,235,24,64,252.063,3.9385,2.472
2,16bit,236,72,128,1540.905,12.0383,19.589
2,16bit,237,64,128,534.668,4.1771,5.224
2,16bit,238,35,128,501.943,3.9214,4.934
2,16bit,239,93,128,544.004,4.25,5.37
2,16bit,240,54,128,517.954,4.0465,4.936
2,16bit,241,51,128,506.015,3.9532,4.933
2,16bit,242,64,128,546.549,4.2699,5.37
2,16bit,243,53,128,485.159,3.7903,4.789
2,16bit,244,26,128,990.431,7.7377,11.903
2,16bit,245,217,128,794.521,6.2072,9.289
2,16bit,246,82,110,431.784,3.9253,4.192
2,16bit,247,79,128,630.214,4.9235,6.677
2,16bit,248,545,30,180.998,6.0333,1.749
2,16bit,249,28,128,1906.735,14.8964,24.661
2,16bit,250,46,128,513.862,4.0145,4.936
2,16bit,251,43,128,491.105,3.8368,4.935
2,16bit,252,59,49,204.792,4.1794,1.754
2,16bit,253,237,1,0.0,0.0,0.013
2,16bit,254,90,128,1120.574,8.7545,13.204
2,16bit,255,52,128,479.342,3.7449,4.501
2,16bit,256,311,128,1108.575,8.6607,13.494
2,16bit,257,40,128,469.057,3.6645,4.501
2,16bit,258,50,128,685.204,5.3532,7.69
2,16bit,259,67,128,530.201,4.1422,5.224
2,16bit,260,75,128,558.679,4.3647,5.512
2,16bit,261,61,128,732.676,5.724,8.418
2,16bit,262,67,128,954.291,7.4554,11.318
2,16bit,263,65,128,1225.681,9.5756,15.164
2,16bit,264,49,45,206.198,4.5822,2.009
2,16bit,265,51,128,826.425,6.4564,9.72
2,16bit,266,41,128,798.026,6.2346,8.998
2,16bit,267,88,128,1251.778,9.7795,15.161
2,16bit,268,43,128,545.443,4.2613,5.368
2,16bit,269,48,128,1701.502,13.293,21.474
2,16bit,270,109,128,1002.58,7.8327,11.901
2,16bit,271,41,128,857.781,6.7014,9.724
2,16bit,272,40,128,1338.936,10.4604,16.547
2,16bit,273,41,128,882.382,6.8936,10.451
2,16bit,274,66,128,1122.545,8.7699,13.787
2,16bit,275,53,128,605.231,4.7284,6.244
2,16bit,276,37,128,522.915,4.0853,4.958
2,16bit,277,61,128,475.458,3.7145,4.643
2,16bit,278,52,128,781.516,6.1056,8.856
2,16bit,279,245,67,789.297,11.7806,9.897
2,16bit,280,93,128,1536.567,12.0044,19.733
2,16bit,281,50,128,542.889,4.2413,5.373
2,16bit,282,129,1,0.0,0.0,0.012
2,16bit,283,42,128,506.199,3.9547,4.939
2,16bit,284,65,128,1420.31,11.0962,17.993
2,16bit,285,70,128,550.946,4.3043,5.423
2,16bit,286,50,128,2201.225,17.1971,28.943
2,16bit,287,91,41,242.367,5.9114,2.553
2,16bit,288,48,128,362.275,2.8303,3.483
2,16bit,289,47,128,639.436,4.9956,6.241
2,16bit,290,60,128,1454.969,11.3669,18.133
2,16bit,291,107,128,601.966,4.7029,5.953
2,16bit,292,83,128,873.415,6.8236,9.579
2,16bit,293,69,128,1390.621,10.8642,17.559
2,16bit,294,119,128,520.352,4.0652,4.935
2,16bit,295,87,128,1555.185,12.1499,19.564
2,16bit,296,70,128,1087.756,8.4981,12.915
2,16bit,297,73,2,0.0,0.0,0.022
2,16bit,298,62,128,650.597,5.0828,7.111
2,16bit,299,34,128,1575.131,12.3057,20.023
2,16bit,300,44,128,637.379,4.9795,6.385
2,16bit,301,245,46,160.289,3.4845,1.436
2,16bit,302,68,128,529.149,4.134,5.225
2,16bit,303,93,128,1262.192,9.8609,15.382
2,16bit,304,47,128,656.97,5.1326,6.965
2,16bit,305,56,128,757.931,5.9213,8.711
2,16bit,306,53,128,521.414,4.0735,4.934
2,16bit,307,66,128,1049.438,8.1987,12.477
2,16bit,308,32,128,521.569,4.0748,5.368
2,16bit,309,40,128,499.082,3.8991,4.79
2,16bit,310,74,128,1267.951,9.9059,15.378
2,16bit,311,170,128,503.876,3.9365,4.785
2,16bit,312,50,128,483.56,3.7778,4.642
2,16bit,313,67,128,549.781,4.2952,5.227
2,16bit,314,74,128,840.554,6.5668,9.575
2,16bit,315,50,128,1608.859,12.5692,19.735
2,16bit,316,46,128,584.987,4.5702,5.947
2,16bit,317,97,128,2167.507,16.9336,27.996
2,16bit,318,33,128,900.481,7.035,10.738
2,16bit,319,205,1,0.0,0.0,0.013
2,16bit,320,57,128,785.636,6.1378,9.144
2,16bit,321,85,16,127.353,7.9596,1.599
2,16bit,322,38,128,1155.687,9.0288,14.484
2,16bit,323,230,128,833.749,6.5137,9.144
2,16bit,324,30,128,502.113,3.9228,4.79
2,16bit,325,159,128,1545.926,12.0775,19.152
2,16bit,326,65,128,628.575,4.9107,6.243
2,16bit,327,124,128,1312.095,10.2507,16.543
2,16bit,328,39,128,507.904,3.968,4.937
2,16bit,329,71,128,714.131,5.5791,7.545
2,16bit,330,63,128,2017.7,15.7633,26.258
2,16bit,331,119,128,1048.987,8.1952,12.624
2,16bit,332,57,128,566.696,4.4273,5.661
2,16bit,333,83,128,1056.566,8.2544,13.354
2,16bit,334,261,25,158.547,6.3419,1.681
2,16bit,335,65,128,705.313,5.5103,7.691
2,16bit,336,154,128,1501.346,11.7293,19.004
2,16bit,337,82,128,1162.194,9.0796,14.075
2,16bit,338,43,128,1056.173,8.2514,12.912
2,16bit,339,32,128,627.551,4.9027,6.246
2,16bit,340,76,128,990.394,7.7375,12.045
2,16bit,341,102,50,240.442,4.8088,2.295
2,16bit,342,63,128,1000.223,7.8142,12.334
2,16bit,343,66,128,520.311,4.0649,4.652
2,16bit,344,47,128,665.681,5.2006,6.823
2,16bit,345,54,128,1601.943,12.5152,20.458
2,16bit,346,46,128,696.086,5.4382,7.256
2,16bit,347,54,128,1022.096,7.9851,12.623
2,16bit,348,28,128,925.445,7.23,10.882
2,16bit,349,34,45,183.015,4.067,1.572
2,16bit,350,207,128,1485.188,11.603,18.714
2,16bit,351,113,128,697.955,5.4528,7.692
2,16bit,352,52,128,1343.943,10.4996,16.396
2,16bit,353,56,128,780.261,6.0958,8.277
2,16bit,354,57,128,732.464,5.7224,7.693
2,16bit,355,48,128,1100.393,8.5968,13.352
2,16bit,356,29,128,1250.172,9.767,15.528
2,16bit,357,201,128,628.382,4.9092,5.952
2,16bit,358,45,128,1001.393,7.8234,12.336
2,16bit,359,54,128,674.385,5.2686,7.11
2,16bit,360,42,128,721.272,5.6349,7.692
2,16bit,361,62,128,797.146,6.2277,8.996
2,16bit,362,95,128,917.005,7.1641,10.594
2,16bit,363,199,128,668.779,5.2248,6.679
2,16bit,364,90,104,600.725,5.7762,6.533
2,16bit,365,154,1,0.0,0.0,0.013
2,16bit,366,79,38,319.775,8.4151,3.974
2,16bit,367,35,128,1652.274,12.9084,21.037
2,16bit,368,32,128,1010.908,7.8977,11.901
2,16bit,369,96,128,1229.395,9.6046,15.526
2,16bit,370,67,128,1438.31,11.2368,17.989
2,16bit,371,59,121,560.138,4.6292,5.742
2,16bit,372,247,47,742.002,15.7873,9.427
2,16bit,373,95,128,766.198,5.9859,8.419
2,16bit,374,31,128,847.17,6.6185,9.871
2,16bit,375,37,128,888.219,6.9392,10.595
2,16bit,376,68,128,1519.737,11.8729,18.713
2,16bit,377,54,128,705.066,5.5083,7.547
2,16bit,378,312,128,555.62,4.3408,5.514
2,16bit,379,56,128,1740.303,13.5961,22.197
2,16bit,380,361,1,0.0,0.0,0.013
2,16bit,381,56,128,870.755,6.8028,10.013
2,16bit,382,50,128,757.02,5.9142,7.983
2,16bit,383,39,43,127.967,2.976,1.119
2,16bit,384,75,128,584.339,4.5651,5.808
2,16bit,385,70,128,719.706,5.6227,7.402
2,16bit,386,225,128,1153.789,9.014,13.569
2,16bit,387,50,128,578.67,4.5209,5.803
2,16bit,388,61,128,1378.403,10.7688,17.266
2,16bit,389,50,128,1637.752,12.7949,20.651
2,16bit,390,63,128,1243.825,9.7174,15.021
2,16bit,391,60,128,549.58,4.2936,5.368
2,16bit,392,44,128,451.356,3.5262,4.353
2,16bit,393,46,128,948.75,7.4121,10.596
2,16bit,394,72,118,1042.419,8.8341,12.389
2,16bit,395,133,30,110.868,3.6956,1.002
2,16bit,396,95,31,60.217,1.9425,0.575
2,16bit,397,58,128,1324.123,10.3447,16.104
2,16bit,398,90,128,1548.256,12.0957,19.267
2,16bit,399,49,128,947.551,7.4027,11.028
2,16bit,400,76,128,1718.052,13.4223,22.27
2,16bit,401,58,128,514.176,4.017,4.789
2,16bit,402,42,128,681.702,5.3258,7.258
2,16bit,403,71,38,518.851,13.654,6.728
2,16bit,404,184,45,249.74,5.5498,2.588
2,16bit,405,39,128,587.344,4.5886,6.093
2,16bit,406,79,128,912.012,7.1251,11.029
2,16bit,407,46,128,1157.363,9.0419,13.492
2,16bit,408,47,128,916.438,7.1597,10.592
2,16bit,409,61,128,784.514,6.129,8.877
2,16bit,410,53,128,1059.419,8.2767,12.771
2,16bit,411,81,128,1378.444,10.7691,17.263
2,16bit,412,166,128,1105.317,8.6353,13.496
2,16bit,413,86,128,1541.886,12.046,19.44
2,16bit,414,98,128,1436.531,11.2229,17.891
2,16bit,415,192,30,124.325,4.1442,1.29
2,16bit,416,373,1,20.823,20.823,0.109
2,16bit,417,465,31,165.839,5.3496,1.591
2,16bit,418,62,128,473.845,3.7019,4.643
2,16bit,419,68,128,1626.703,12.7086,21.036
2,16bit,420,65,63,405.554,6.4374,4.348
2,16bit,421,49,83,705.307,8.4977,8.59
2,16bit,422,252,128,1220.967,9.5388,14.895
2,16bit,423,44,128,558.479,4.3631,5.225
2,16bit,424,58,128,509.72,3.9822,5.079
2,16bit,425,26,128,934.823,7.3033,11.174
2,16bit,426,35,128,530.213,4.1423,5.227
2,16bit,427,61,128,475.679,3.7162,4.645
2,16bit,428,83,128,433.289,3.3851,4.208
2,16bit,429,45,128,1267.791,9.9046,15.671
2,16bit,430,54,128,1356.8,10.6,16.835
2,16bit,431,57,128,1122.952,8.7731,13.011
2,16bit,432,110,128,1102.25,8.6113,13.932
2,16bit,433,43,128,1160.862,9.0692,14.075
2,16bit,434,75,36,134.857,3.746,1.202
2,16bit,435,57,128,543.76,4.2481,5.226
2,16bit,436,80,64,251.952,3.9368,2.472
2,16bit,437,88,128,1189.008,9.2891,14.513
2,16bit,438,119,128,1448.299,11.3148,18.281
2,16bit,439,39,128,519.946,4.0621,5.079
2,16bit,440,77,128,434.799,3.3969,4.21
2,16bit,441,92,1,0.0,0.0,0.012
2,16bit,442,94,128,1302.407,10.1751,16.252
2,16bit,443,51,128,1205.9,9.4211,14.946
2,16bit,444,33,128,540.863,4.2255,5.081
2,16bit,445,102,128,964.209,7.5329,11.461
2,16bit,446,74,128,820.717,6.4119,9.29
2,16bit,447,77,128,1455.295,11.3695,17.921
2,16bit,448,71,128,956.052,7.4692,11.028
2,16bit,449,41,128,1419.574,11.0904,17.849
2,16bit,450,51,128,1003.153,7.8371,11.755
2,16bit,451,331,1,0.0,0.0,0.013
2,16bit,452,44,128,966.626,7.5518,11.174
2,16bit,453,92,54,883.332,16.358,11.373
2,16bit,454,63,128,480.79,3.7562,4.645
2,16bit,455,37,128,980.482,7.66,11.32
2,16bit,456,135,89,543.468,6.1064,6.324
2,16bit,457,57,37,177.16,4.7881,1.646
2,16bit,458,49,37,135.419,3.66,1.211
2,16bit,459,58,128,1056.789,8.2562,12.768
2,16bit,460,68,128,815.751,6.3731,9.285
2,16bit,461,101,128,880.867,6.8818,10.304
2,16bit,462,79,128,1339.559,10.4653,16.252
2,16bit,463,59,45,955.612,21.2358,12.455
2,16bit,464,30,128,929.808,7.2641,10.887
2,16bit,465,55,128,1561.11,12.1962,19.951
2,16bit,466,35,128,989.718,7.7322,12.047
2,16bit,467,93,128,1319.106,10.3055,16.398
2,16bit,468,111,128,998.921,7.8041,12.336
2,16bit,469,135,128,1548.506,12.0977,19.737
2,16bit,470,42,128,812.973,6.3514,9.148
2,16bit,471,59,128,1321.353,10.3231,16.54
2,16bit,472,167,30,124.228,4.1409,1.145
2,16bit,473,169,128,997.899,7.7961,12.192
2,16bit,474,356,1,43.408,43.408,0.45
2,16bit,475,219,1,0.0,0.0,0.012
2,16bit,476,65,34,158.061,4.6489,1.471
2,16bit,477,190,128,789.977,6.1717,8.996
2,16bit,478,65,128,1394.031,10.8909,17.412
2,16bit,479,63,128,1143.94,8.937,14.072
2,16bit,480,59,128,448.765,3.506,4.209
2,16bit,481,48,128,1161.319,9.0728,14.217
2,16bit,482,128,1,20.97,20.97,0.013
2,16bit,483,125,128,1141.573,8.9185,13.781
2,16bit,484,49,128,1534.149,11.9855,19.586
2,16bit,485,68,128,927.833,7.2487,10.741
2,16bit,486,68,128,1329.522,10.3869,16.254
2,16bit,487,76,116,477.159,4.1134,4.683
2,16bit,488,100,128,507.785,3.9671,4.792
2,16bit,489,39,128,1098.027,8.5783,13.354
2,16bit,490,44,128,1152.616,9.0048,14.073
2,16bit,491,60,128,507.379,3.9639,4.791
2,16bit,492,54,128,990.556,7.7387,11.467
2,16bit,493,62,41,371.472,9.0603,4.729
2,16bit,494,224,1,28.407,28.407,0.303
2,16bit,495,189,128,497.567,3.8872,4.792
2,16bit,496,109,128,698.037,5.4534,7.836
2,16bit,497,78,128,933.04,7.2894,11.319
2,16bit,498,37,128,771.203,6.025,8.706
2,16bit,499,70,128,1646.207,12.861,21.036
3,4bit,0,45,128,170.605,1.3329,1.888
3,4bit,1,57,128,171.176,1.3373,1.889
3,4bit,2,110,50,71.57,1.4314,0.744
3,4bit,3,230,128,171.204,1.3375,1.896
3,4bit,4,275,1,0.0,0.0,0.024
3,4bit,5,47,128,170.02,1.3283,1.894
3,4bit,6,42,128,171.085,1.3366,1.893
3,4bit,7,49,128,171.03,1.3362,1.893
3,4bit,8,38,128,171.369,1.3388,1.892
3,4bit,9,66,128,171.616,1.3407,1.895
3,4bit,10,51,30,35.63,1.1877,0.446
3,4bit,11,59,128,163.278,1.2756,1.893
3,4bit,12,38,128,163.447,1.2769,1.889
3,4bit,13,45,128,170.796,1.3343,1.894
3,4bit,14,48,128,171.219,1.3376,1.891
3,4bit,15,299,128,171.303,1.3383,1.894
3,4bit,16,201,1,8.243,8.243,0.022
3,4bit,17,109,128,171.133,1.337,1.898
3,4bit,18,49,128,170.688,1.3335,1.893
3,4bit,19,60,128,171.1,1.3367,1.892
3,4bit,20,402,1,0.0,0.0,0.024
3,4bit,21,59,128,170.782,1.3342,1.89
3,4bit,22,94,128,171.239,1.3378,1.896
3,4bit,23,58,128,171.266,1.338,1.891
3,4bit,24,39,128,171.743,1.3417,1.889
3,4bit,25,65,40,53.684,1.3421,0.596
3,4bit,26,53,59,80.974,1.3724,0.874
3,4bit,27,76,128,171.774,1.342,1.891
3,4bit,28,139,128,171.511,1.3399,1.895
3,4bit,29,239,128,171.906,1.343,1.895
3,4bit,30,76,128,171.858,1.3426,1.893
3,4bit,31,59,128,171.836,1.3425,1.891
3,4bit,32,73,128,171.894,1.3429,1.896
3,4bit,33,45,128,171.417,1.3392,1.897
3,4bit,34,58,12,17.111,1.4259,0.18
3,4bit,35,34,128,169.888,1.3272,1.896
3,4bit,36,60,128,170.529,1.3323,1.898
3,4bit,37,67,128,171.564,1.3403,1.897
3,4bit,38,60,128,171.592,1.3406,1.899
3,4bit,39,39,41,53.276,1.2994,0.61
3,4bit,40,115,128,171.642,1.341,1.899
3,4bit,41,53,128,171.096,1.3367,1.895
3,4bit,42,86,128,171.276,1.3381,1.897
3,4bit,43,67,51,71.179,1.3957,0.759
3,4bit,44,79,128,171.651,1.341,1.894
3,4bit,45,62,128,171.777,1.342,1.891
3,4bit,46,67,128,171.606,1.3407,1.894
3,4bit,47,41,128,171.699,1.3414,1.892
3,4bit,48,71,128,171.949,1.3434,1.894
3,4bit,49,54,128,171.781,1.342,1.894
3,4bit,50,70,128,171.892,1.3429,1.894
3,4bit,51,193,75,99.171,1.3223,1.116
3,4bit,52,90,128,169.746,1.3261,1.897
3,4bit,53,32,128,170.825,1.3346,1.893
3,4bit,54,72,128,171.164,1.3372,1.895
3,4bit,55,58,128,171.113,1.3368,1.893
3,4bit,56,42,128,171.104,1.3368,1.894
3,4bit,57,245,128,171.639,1.3409,1.895
3,4bit,58,181,123,162.437,1.3206,1.825
3,4bit,59,38,128,169.948,1.3277,1.894
3,4bit,60,80,128,171.667,1.3411,1.896
3,4bit,61,87,128,171.535,1.3401,1.895
3,4bit,62,173,128,172.002,1.3438,1.894
3,4bit,63,278,128,171.594,1.3406,1.898
3,4bit,64,46,128,171.144,1.3371,1.894
3,4bit,65,49,128,171.118,1.3369,1.894
3,4bit,66,104,128,171.126,1.3369,1.897
3,4bit,67,158,128,180.288,1.4085,1.899
3,4bit,68,78,128,170.497,1.332,1.898
3,4bit,69,130,128,171.849,1.3426,1.894
3,4bit,70,66,128,171.675,1.3412,1.894
3,4bit,71,73,128,171.735,1.3417,1.894
3,4bit,72,49,59,72.016,1.2206,0.875
3,4bit,73,57,128,171.867,1.3427,1.894
3,4bit,74,110,128,172.025,1.3439,1.898
3,4bit,75,142,88,126.254,1.4347,1.306
3,4bit,76,52,128,171.815,1.3423,1.895
3,4bit,77,248,128,171.735,1.3417,1.895
3,4bit,78,67,128,171.205,1.3375,1.894
3,4bit,79,37,128,171.288,1.3382,1.892
3,4bit,80,65,29,35.451,1.2224,0.433
3,4bit,81,111,1,0.0,0.0,0.022
3,4bit,82,49,128,169.991,1.3281,1.896
3,4bit,83,61,128,171.197,1.3375,1.896
3,4bit,84,94,128,171.452,1.3395,1.896
3,4bit,85,43,128,170.823,1.3346,1.894
3,4bit,86,116,49,72.189,1.4732,0.731
3,4bit,87,46,50,62.766,1.2553,0.742
3,4bit,88,80,128,171.258,1.338,1.895
3,4bit,89,45,41,53.116,1.2955,0.609
3,4bit,90,45,128,172.029,1.344,1.895
3,4bit,91,346,128,172.79,1.3499,1.895
3,4bit,92,86,128,172.041,1.3441,1.896
3,4bit,93,207,1,7.938,7.938,0.022
3,4bit,94,62,128,171.277,1.3381,1.894
3,4bit,95,194,85,107.35,1.2629,1.264
3,4bit,96,67,128,171.922,1.3431,1.898
3,4bit,97,72,128,164.233,1.2831,1.897
3,4bit,98,60,74,100.085,1.3525,1.098
3,4bit,99,106,33,44.775,1.3568,0.496
3,4bit,100,67,128,172.651,1.3488,1.891
3,4bit,101,37,128,172.385,1.3468,1.892
3,4bit,102,106,79,99.575,1.2604,1.175
3,4bit,103,231,128,172.754,1.3496,1.894
3,4bit,104,81,128,171.865,1.3427,1.891
3,4bit,105,63,128,171.94,1.3433,1.894
3,4bit,106,96,128,171.836,1.3425,1.895
3,4bit,107,35,128,170.285,1.3304,1.893
3,4bit,108,48,40,53.739,1.3435,0.596
3,4bit,109,62,128,171.91,1.343,1.894
3,4bit,110,97,81,108.345,1.3376,1.203
3,4bit,111,222,128,171.735,1.3417,1.895
3,4bit,112,45,128,163.978,1.2811,1.895
3,4bit,113,29,128,164.022,1.2814,1.893
3,4bit,114,68,128,173.175,1.3529,1.897
3,4bit,115,56,128,163.466,1.2771,1.893
3,4bit,116,71,128,163.935,1.2807,1.895
3,4bit,117,54,128,164.075,1.2818,1.894
3,4bit,118,57,128,163.738,1.2792,1.894
3,4bit,119,52,128,163.685,1.2788,1.89
3,4bit,120,66,37,53.459,1.4448,0.553
3,4bit,121,145,128,172.076,1.3443,1.896
3,4bit,122,77,128,171.751,1.3418,1.897
3,4bit,123,21,128,171.173,1.3373,1.892
3,4bit,124,41,128,170.816,1.3345,1.893
3,4bit,125,37,128,172.055,1.3442,1.894
3,4bit,126,90,56,71.545,1.2776,0.835
3,4bit,127,83,128,171.347,1.3386,1.9
3,4bit,128,49,128,172.895,1.3507,1.895
3,4bit,129,75,128,172.581,1.3483,1.899
3,4bit,130,46,128,171.442,1.3394,1.914
3,4bit,131,53,128,178.277,1.3928,2.047
3,4bit,132,44,128,172.681,1.3491,1.893
3,4bit,133,90,31,44.966,1.4505,0.464
3,4bit,134,66,128,171.656,1.3411,1.892
3,4bit,135,214,38,53.786,1.4154,0.568
3,4bit,136,301,128,172.55,1.348,1.896
3,4bit,137,43,128,172.111,1.3446,1.891
3,4bit,138,48,128,172.224,1.3455,1.892
3,4bit,139,69,128,172.589,1.3484,1.896
3,4bit,140,68,128,171.735,1.3417,1.898
3,4bit,141,211,128,171.822,1.3424,1.894
3,4bit,142,51,128,171.256,1.3379,1.89
3,4bit,143,70,43,54.078,1.2576,0.639
3,4bit,144,61,73,98.692,1.3519,1.081
3,4bit,145,40,128,171.223,1.3377,1.89
3,4bit,146,54,128,171.875,1.3428,1.889
3,4bit,147,47,128,171.986,1.3436,1.892
3,4bit,148,37,128,171.774,1.342,1.891
3,4bit,149,70,128,171.747,1.3418,1.891
3,4bit,150,36,128,172.087,1.3444,1.892
3,4bit,151,64,128,172.274,1.3459,1.894
3,4bit,152,53,128,171.962,1.3435,1.893
3,4bit,153,93,128,172.327,1.3463,1.893
3,4bit,154,49,128,172.073,1.3443,1.89
3,4bit,155,66,57,70.424,1.2355,0.847
3,4bit,156,347,1,0.0,0.0,0.024
3,4bit,157,203,128,173.076,1.3522,1.895
3,4bit,158,66,44,54.123,1.2301,0.653
3,4bit,159,104,50,72.22,1.4444,0.745
3,4bit,160,450,1,0.0,0.0,0.024
3,4bit,161,62,128,171.422,1.3392,1.897
3,4bit,162,280,1,8.206,8.206,0.024
3,4bit,163,65,128,163.69,1.2788,1.89
3,4bit,164,41,128,170.068,1.3287,1.894
3,4bit,165,336,1,7.731,7.731,0.024
3,4bit,166,62,41,54.751,1.3354,0.611
3,4bit,167,38,128,172.114,1.3446,1.895
3,4bit,168,437,64,90.92,1.4206,0.954
3,4bit,169,84,32,35.996,1.1249,0.478
3,4bit,170,62,128,172.491,1.3476,1.893
3,4bit,171,111,128,172.192,1.3453,1.897
3,4bit,172,54,128,171.719,1.3416,1.893
3,4bit,173,615,1,7.982,7.982,0.024
3,4bit,174,47,128,170.931,1.3354,1.893
3,4bit,175,68,128,172.229,1.3455,1.895
3,4bit,176,74,128,172.664,1.3489,1.891
3,4bit,177,44,128,172.323,1.3463,1.895
3,4bit,178,64,128,172.371,1.3466,1.894
3,4bit,179,79,128,172.273,1.3459,1.897
3,4bit,180,31,128,171.912,1.3431,1.893
3,4bit,181,130,128,171.946,1.3433,1.896
3,4bit,182,44,128,171.385,1.3389,1.894
3,4bit,183,88,128,170.706,1.3336,1.895
3,4bit,184,43,128,171.717,1.3415,1.893
3,4bit,185,48,128,172.023,1.3439,1.892
3,4bit,186,45,128,172.227,1.3455,1.892
3,4bit,187,43,128,172.232,1.3456,1.892
3,4bit,188,119,62,81.408,1.313,0.921
3,4bit,189,101,128,172.05,1.3441,1.896
3,4bit,190,53,128,171.978,1.3436,1.894
3,4bit,191,70,128,171.554,1.3403,1.892
3,4bit,192,151,90,117.615,1.3068,1.333
3,4bit,193,58,128,172.174,1.3451,1.894
3,4bit,194,51,128,172.346,1.3465,1.892
3,4bit,195,69,128,172.606,1.3485,1.891
3,4bit,196,74,42,63.112,1.5027,0.626
3,4bit,197,50,128,171.187,1.3374,1.897
3,4bit,198,28,128,170.784,1.3343,1.896
3,4bit,199,79,128,172.444,1.3472,1.901
3,4bit,200,33,128,171.727,1.3416,1.894
3,4bit,201,54,128,171.253,1.3379,1.895
3,4bit,202,65,50,62.589,1.2518,0.745
3,4bit,203,127,128,172.509,1.3477,1.895
3,4bit,204,46,128,172.029,1.344,1.893
3,4bit,205,51,128,171.801,1.3422,1.895
3,4bit,206,45,128,172.029,1.344,1.892
3,4bit,207,49,128,172.459,1.3473,1.895
3,4bit,208,90,128,171.9,1.343,1.895
3,4bit,209,77,128,171.977,1.3436,1.893
3,4bit,210,96,128,171.974,1.3435,1.897
3,4bit,211,63,36,53.641,1.49,0.536
3,4bit,212,52,128,171.719,1.3416,1.895
3,4bit,213,38,128,171.958,1.3434,1.893
3,4bit,214,81,128,172.183,1.3452,1.892
3,4bit,215,52,128,172.376,1.3467,1.89
3,4bit,216,256,1,0.0,0.0,0.022
3,4bit,217,79,128,171.393,1.339,1.893
3,4bit,218,41,128,172.029,1.344,1.895
3,4bit,219,72,128,171.701,1.3414,1.895
3,4bit,220,47,128,171.967,1.3435,1.895
3,4bit,221,50,128,171.959,1.3434,1.893
3,4bit,222,85,128,172.025,1.3439,1.892
3,4bit,223,207,38,53.998,1.421,0.569
3,4bit,224,273,128,172.887,1.3507,1.895
3,4bit,225,72,26,35.753,1.3751,0.391
3,4bit,226,122,128,172.423,1.3471,1.899
3,4bit,227,55,128,171.477,1.3397,1.895
3,4bit,228,43,128,171.494,1.3398,1.892
3,4bit,229,72,128,171.414,1.3392,1.894
3,4bit,230,50,41,53.531,1.3056,0.61
3,4bit,231,54,35,44.675,1.2764,0.522
3,4bit,232,70,128,170.786,1.3343,1.894
3,4bit,233,56,128,170.852,1.3348,1.894
3,4bit,234,38,128,171.067,1.3365,1.893
3,4bit,235,24,128,171.473,1.3396,1.891
3,4bit,236,72,26,35.544,1.3671,0.389
3,4bit,237,64,20,26.545,1.3272,0.302
3,4bit,238,35,128,170.918,1.3353,1.896
3,4bit,239,93,128,170.093,1.3289,1.895
3,4bit,240,54,128,170.714,1.3337,1.895
3,4bit,241,51,128,170.546,1.3324,1.894
3,4bit,242,64,128,170.754,1.334,1.897
3,4bit,243,53,128,170.692,1.3335,1.897
3,4bit,244,26,128,169.901,1.3274,1.896
3,4bit,245,217,128,171.972,1.3435,1.898
3,4bit,246,82,128,171.47,1.3396,1.896
3,4bit,247,79,93,126.288,1.3579,1.382
3,4bit,248,545,128,171.184,1.3374,1.896
3,4bit,249,28,128,170.368,1.331,1.891
3,4bit,250,46,42,61.308,1.4597,0.625
3,4bit,251,43,128,171.111,1.3368,1.891
3,4bit,252,59,49,62.57,1.2769,0.728
3,4bit,253,237,1,0.0,0.0,0.022
3,4bit,254,90,128,170.539,1.3323,1.894
3,4bit,255,52,128,170.989,1.3359,1.894
3,4bit,256,311,118,162.313,1.3755,1.749
3,4bit,257,40,128,171.431,1.3393,1.891
3,4bit,258,50,128,171.314,1.3384,1.919
3,4bit,259,67,33,44.419,1.346,0.495
3,4bit,260,75,128,171.377,1.3389,1.896
3,4bit,261,61,128,171.747,1.3418,1.896
3,4bit,262,67,128,171.067,1.3365,1.902
3,4bit,263,65,128,171.81,1.3423,1.893
3,4bit,264,49,31,44.846,1.4466,0.462
3,4bit,265,51,22,26.209,1.1913,0.33
3,4bit,266,41,128,171.28,1.3381,1.898
3,4bit,267,88,24,35.052,1.4605,0.362
3,4bit,268,43,128,170.102,1.3289,1.894
3,4bit,269,48,73,98.962,1.3556,1.082
3,4bit,270,109,128,171.191,1.3374,1.898
3,4bit,271,41,128,171.237,1.3378,1.894
3,4bit,272,40,128,171.224,1.3377,1.895
3,4bit,273,41,128,171.354,1.3387,1.893
3,4bit,274,66,128,171.576,1.3404,1.894
3,4bit,275,53,34,44.094,1.2969,0.506
3,4bit,276,37,128,171.889,1.3429,1.895
3,4bit,277,61,128,170.2,1.3297,1.895
3,4bit,278,52,31,44.53,1.4365,0.463
3,4bit,279,245,128,171.111,1.3368,1.897
3,4bit,280,93,128,170.534,1.3323,1.896
3,4bit,281,50,128,172.262,1.3458,1.893
3,4bit,282,129,128,172.07,1.3443,1.897
3,4bit,283,42,128,171.601,1.3406,1.893
3,4bit,284,65,128,171.65,1.341,1.894
3,4bit,285,70,128,171.67,1.3412,1.894
3,4bit,286,50,128,172.125,1.3447,1.894
3,4bit,287,91,128,172.051,1.3441,1.896
3,4bit,288,48,128,171.671,1.3412,1.896
3,4bit,289,47,128,170.943,1.3355,1.895
3,4bit,290,60,128,170.964,1.3357,1.892
3,4bit,291,107,128,171.226,1.3377,1.9
3,4bit,292,83,128,170.955,1.3356,1.897
3,4bit,293,69,128,170.971,1.3357,1.895
3,4bit,294,119,22,25.218,1.1463,0.334
3,4bit,295,87,128,171.206,1.3375,1.899
3,4bit,296,70,128,171.585,1.3405,1.893
3,4bit,297,73,128,171.368,1.3388,1.893
3,4bit,298,62,128,171.475,1.3396,1.894
3,4bit,299,34,128,171.181,1.3374,1.892
3,4bit,300,44,128,171.354,1.3387,1.895
3,4bit,301,245,70,99.264,1.4181,1.041
3,4bit,302,68,128,171.181,1.3374,1.892
3,4bit,303,93,43,53.306,1.2397,0.641
3,4bit,304,47,128,170.437,1.3315,1.892
3,4bit,305,56,128,170.406,1.3313,1.893
3,4bit,306,53,128,170.802,1.3344,1.894
3,4bit,307,66,128,170.88,1.335,1.897
3,4bit,308,32,128,170.388,1.3312,1.894
3,4bit,309,40,128,172.061,1.3442,1.894
3,4bit,310,74,128,172.04,1.3441,1.897
3,4bit,311,170,128,171.907,1.343,1.897
3,4bit,312,50,128,171.22,1.3377,1.895
3,4bit,313,67,128,171.974,1.3435,1.896
3,4bit,314,74,128,171.668,1.3412,1.897
3,4bit,315,50,128,163.811,1.2798,1.894
3,4bit,316,46,128,163.91,1.2805,1.895
3,4bit,317,97,128,172.739,1.3495,1.899
3,4bit,318,33,128,171.822,1.3424,1.896
3,4bit,319,205,71,90.335,1.2723,1.057
3,4bit,320,57,128,171.207,1.3376,1.896
3,4bit,321,85,128,170.907,1.3352,1.901
3,4bit,322,38,128,170.148,1.3293,1.892
3,4bit,323,230,128,172.072,1.3443,1.899
3,4bit,324,30,128,171.365,1.3388,1.896
3,4bit,325,159,128,171.789,1.3421,1.899
3,4bit,326,65,128,172.643,1.3488,1.897
3,4bit,327,124,128,172.141,1.3449,1.897
3,4bit,328,39,128,169.465,1.3239,1.898
3,4bit,329,71,128,170.984,1.3358,1.896
3,4bit,330,63,128,171.183,1.3374,1.898
3,4bit,331,119,38,52.162,1.3727,0.57
3,4bit,332,57,128,172.04,1.3441,1.893
3,4bit,333,83,128,171.68,1.3413,1.898
3,4bit,334,261,128,171.77,1.342,1.9
3,4bit,335,65,128,171.127,1.3369,1.896
3,4bit,336,154,128,170.854,1.3348,1.899
3,4bit,337,82,128,172.165,1.345,1.896
3,4bit,338,43,50,62.717,1.2543,0.745
3,4bit,339,32,128,170.477,1.3319,1.9
3,4bit,340,76,128,171.706,1.3415,1.903
3,4bit,341,102,128,179.843,1.405,1.899
3,4bit,342,63,128,171.787,1.3421,1.899
3,4bit,343,66,128,171.763,1.3419,1.899
3,4bit,344,47,128,170.583,1.3327,1.897
3,4bit,345,54,128,169.469,1.324,1.896
3,4bit,346,46,128,172.044,1.3441,1.894
3,4bit,347,54,128,171.735,1.3417,1.896
3,4bit,348,28,128,171.571,1.3404,1.894
3,4bit,349,34,128,171.749,1.3418,1.893
3,4bit,350,207,128,172.074,1.3443,1.896
3,4bit,351,113,128,171.531,1.3401,1.894
3,4bit,352,52,128,171.745,1.3418,1.893
3,4bit,353,56,128,172.107,1.3446,1.893
3,4bit,354,57,128,171.994,1.3437,1.892
3,4bit,355,48,128,171.562,1.3403,1.895
3,4bit,356,29,128,172.01,1.3438,1.891
3,4bit,357,201,128,172.514,1.3478,1.891
3,4bit,358,45,128,172.456,1.3473,1.892
3,4bit,359,54,128,172.018,1.3439,1.892
3,4bit,360,42,128,172.028,1.344,1.892
3,4bit,361,62,128,171.712,1.3415,1.893
3,4bit,362,95,128,172.01,1.3438,1.897
3,4bit,363,199,128,171.843,1.3425,1.897
3,4bit,364,90,128,171.687,1.3413,1.896
3,4bit,365,154,1,0.0,0.0,0.022
3,4bit,366,79,36,53.049,1.4736,0.538
3,4bit,367,35,128,172.106,1.3446,1.896
3,4bit,368,32,128,171.789,1.3421,1.898
3,4bit,369,96,80,107.951,1.3494,1.191
3,4bit,370,67,128,172.003,1.3438,1.899
3,4bit,371,59,128,171.509,1.3399,1.896
3,4bit,372,247,78,98.917,1.2682,1.16
3,4bit,373,95,128,172.199,1.3453,1.898
3,4bit,374,31,128,171.558,1.3403,1.892
3,4bit,375,37,128,171.534,1.3401,1.896
3,4bit,376,68,128,171.622,1.3408,1.896
3,4bit,377,54,128,171.204,1.3375,1.898
3,4bit,378,312,128,172.262,1.3458,1.897
3,4bit,379,56,128,161.919,1.265,1.893
3,4bit,380,361,1,0.0,0.0,0.024
3,4bit,381,56,128,172.788,1.3499,1.893
3,4bit,382,50,128,172.469,1.3474,1.889
3,4bit,383,39,128,170.963,1.3356,1.893
3,4bit,384,75,128,172.205,1.3454,1.896
3,4bit,385,70,128,172.127,1.3447,1.893
3,4bit,386,225,128,172.516,1.3478,1.9
3,4bit,387,50,128,171.575,1.3404,1.891
3,4bit,388,61,128,171.769,1.3419,1.892
3,4bit,389,50,128,171.858,1.3426,1.893
3,4bit,390,63,128,171.965,1.3435,1.892
3,4bit,391,60,128,172.312,1.3462,1.891
3,4bit,392,44,128,171.79,1.3421,1.896
3,4bit,393,46,128,171.899,1.343,1.895
3,4bit,394,72,128,171.689,1.3413,1.899
3,4bit,395,133,31,44.389,1.4319,0.467
3,4bit,396,95,128,171.216,1.3376,1.899
3,4bit,397,58,51,61.076,1.1976,0.76
3,4bit,398,90,128,170.709,1.3337,1.896
3,4bit,399,49,128,172.134,1.3448,1.897
3,4bit,400,76,128,171.402,1.3391,1.898
3,4bit,401,58,128,171.101,1.3367,1.896
3,4bit,402,42,128,171.164,1.3372,1.896
3,4bit,403,71,34,45.507,1.3384,0.507
3,4bit,404,184,128,171.934,1.3432,1.899
3,4bit,405,39,128,171.044,1.3363,1.897
3,4bit,406,79,128,171.155,1.3371,1.9
3,4bit,407,46,128,172.118,1.3447,1.898
3,4bit,408,47,128,171.559,1.3403,1.897
3,4bit,409,61,128,171.547,1.3402,1.897
3,4bit,410,53,128,171.748,1.3418,1.896
3,4bit,411,81,128,170.575,1.3326,1.9
3,4bit,412,166,128,172.133,1.3448,1.904
3,4bit,413,86,128,171.023,1.3361,1.9
3,4bit,414,98,128,171.243,1.3378,1.904
3,4bit,415,192,75,98.602,1.3147,1.114
3,4bit,416,373,1,7.645,7.645,0.024
3,4bit,417,465,128,173.417,1.3548,1.896
3,4bit,418,62,128,179.272,1.4006,1.989
3,4bit,419,68,128,172.204,1.3453,1.898
3,4bit,420,65,128,171.792,1.3421,1.894
3,4bit,421,49,27,35.427,1.3121,0.403
3,4bit,422,252,128,171.444,1.3394,1.901
3,4bit,423,44,128,171.867,1.3427,1.893
3,4bit,424,58,128,171.838,1.3425,1.894
3,4bit,425,26,128,171.893,1.3429,1.894
3,4bit,426,35,128,172.101,1.3445,1.897
3,4bit,427,61,128,171.673,1.3412,1.895
3,4bit,428,83,128,171.596,1.3406,1.896
3,4bit,429,45,128,171.205,1.3375,1.894
3,4bit,430,54,128,171.463,1.3396,1.898
3,4bit,431,57,128,171.658,1.3411,1.898
3,4bit,432,110,128,170.24,1.33,1.901
3,4bit,433,43,128,172.256,1.3458,1.898
3,4bit,434,75,128,171.763,1.3419,1.896
3,4bit,435,57,14,17.037,1.2169,0.211
3,4bit,436,80,128,172.194,1.3453,1.898
3,4bit,437,88,128,171.721,1.3416,1.898
3,4bit,438,119,128,171.414,1.3392,1.897
3,4bit,439,39,71,91.163,1.284,1.051
3,4bit,440,77,128,171.9,1.343,1.894
3,4bit,441,92,1,0.0,0.0,0.022
3,4bit,442,94,79,105.539,1.3359,1.173
3,4bit,443,51,128,171.552,1.3403,1.896
3,4bit,444,33,128,171.536,1.3401,1.894
3,4bit,445,102,128,171.939,1.3433,1.896
3,4bit,446,74,128,171.55,1.3402,1.895
3,4bit,447,77,128,171.528,1.3401,1.894
3,4bit,448,71,128,171.648,1.341,1.9
3,4bit,449,41,128,171.337,1.3386,1.894
3,4bit,450,51,128,169.077,1.3209,1.895
3,4bit,451,331,1,7.568,7.568,0.024
3,4bit,452,44,128,171.855,1.3426,1.897
3,4bit,453,92,128,171.716,1.3415,1.895
3,4bit,454,63,128,171.962,1.3435,1.892
3,4bit,455,37,128,171.959,1.3434,1.897
3,4bit,456,135,66,90.059,1.3645,0.983
3,4bit,457,57,128,171.567,1.3404,1.895
3,4bit,458,49,128,171.801,1.3422,1.894
3,4bit,459,58,128,171.966,1.3435,1.894
3,4bit,460,68,128,172.06,1.3442,1.895
3,4bit,461,101,128,172.045,1.3441,1.896
3,4bit,462,79,128,171.853,1.3426,1.897
3,4bit,463,59,128,171.215,1.3376,1.895
3,4bit,464,30,128,171.193,1.3374,1.895
3,4bit,465,55,128,171.267,1.338,1.896
3,4bit,466,35,128,171.006,1.336,1.897
3,4bit,467,93,1,0.0,0.0,0.021
3,4bit,468,111,128,169.726,1.326,1.893
3,4bit,469,135,128,172.421,1.347,1.893
3,4bit,470,42,128,172.081,1.3444,1.893
3,4bit,471,59,128,172.059,1.3442,1.892
3,4bit,472,167,104,135.928,1.307,1.544
3,4bit,473,169,128,171.513,1.3399,1.896
3,4bit,474,356,1,0.0,0.0,0.024
3,4bit,475,219,1,0.0,0.0,0.022
3,4bit,476,65,50,71.471,1.4294,0.743
3,4bit,477,190,128,172.471,1.3474,1.897
3,4bit,478,65,128,171.986,1.3436,1.895
3,4bit,479,63,128,171.927,1.3432,1.893
3,4bit,480,59,22,26.553,1.207,0.33
3,4bit,481,48,128,171.677,1.3412,1.897
3,4bit,482,128,1,0.0,0.0,0.022
3,4bit,483,125,128,169.972,1.3279,1.896
3,4bit,484,49,128,171.05,1.3363,1.892
3,4bit,485,68,128,171.1,1.3367,1.896
3,4bit,486,68,128,170.987,1.3358,1.895
3,4bit,487,76,128,170.192,1.3296,1.896
3,4bit,488,100,128,171.527,1.3401,1.896
3,4bit,489,39,59,79.873,1.3538,0.876
3,4bit,490,44,128,171.018,1.3361,1.892
3,4bit,491,60,128,171.589,1.3405,1.893
3,4bit,492,54,128,172.082,1.3444,1.894
3,4bit,493,62,1,0.0,0.0,0.018
3,4bit,494,224,1,7.478,7.478,0.022
3,4bit,495,189,128,171.221,1.3377,1.898
3,4bit,496,109,128,170.046,1.3285,1.901
3,4bit,497,78,128,171.929,1.3432,1.9
3,4bit,498,37,128,171.541,1.3402,1.898
3,4bit,499,70,128,170.272,1.3303,1.899
3,8bit,0,45,128,388.748,3.0371,4.799
3,8bit,1,57,60,186.091,3.1015,2.252
3,8bit,2,110,25,72.215,2.8886,0.95
3,8bit,3,230,116,349.444,3.0124,4.296
3,8bit,4,275,1,7.342,7.342,0.054
3,8bit,5,47,128,382.048,2.9848,4.692
3,8bit,6,42,128,388.76,3.0372,4.765
3,8bit,7,49,128,387.958,3.0309,4.792
3,8bit,8,38,128,373.399,2.9172,4.585
3,8bit,9,66,128,380.859,2.9755,4.694
3,8bit,10,51,44,129.282,2.9382,1.618
3,8bit,11,59,50,145.337,2.9067,1.837
3,8bit,12,38,128,380.172,2.9701,4.68
3,8bit,13,45,128,385.945,3.0152,4.792
3,8bit,14,48,128,379.586,2.9655,4.706
3,8bit,15,299,25,78.945,3.1578,0.958
3,8bit,16,201,1,7.411,7.411,0.056
3,8bit,17,109,128,380.082,2.9694,4.78
3,8bit,18,49,128,394.782,3.0842,4.855
3,8bit,19,60,128,386.7,3.0211,4.818
3,8bit,20,402,1,6.165,6.165,0.056
3,8bit,21,59,128,387.826,3.0299,4.794
3,8bit,22,94,128,387.141,3.0245,4.757
3,8bit,23,58,128,379.503,2.9649,4.757
3,8bit,24,39,128,393.908,3.0774,4.824
3,8bit,25,65,128,379.695,2.9664,4.688
3,8bit,26,53,128,371.218,2.9001,4.678
3,8bit,27,76,128,386.326,3.0182,4.771
3,8bit,28,139,39,112.889,2.8946,1.407
3,8bit,29,239,128,391.868,3.0615,4.86
3,8bit,30,76,128,392.606,3.0672,4.907
3,8bit,31,59,128,392.735,3.0682,4.863
3,8bit,32,73,128,378.268,2.9552,4.713
3,8bit,33,45,128,384.961,3.0075,4.82
3,8bit,34,58,128,394.325,3.0807,4.816
3,8bit,35,34,128,372.135,2.9073,4.638
3,8bit,36,60,128,371.26,2.9005,4.631
3,8bit,37,67,128,372.542,2.9105,4.59
3,8bit,38,60,128,387.405,3.0266,4.796
3,8bit,39,39,128,386.609,3.0204,4.757
3,8bit,40,115,128,378.499,2.957,4.697
3,8bit,41,53,128,393.16,3.0716,4.859
3,8bit,42,86,128,384.911,3.0071,4.86
3,8bit,43,67,128,393.122,3.0713,4.822
3,8bit,44,79,128,385.009,3.0079,4.849
3,8bit,45,62,128,391.521,3.0588,4.901
3,8bit,46,67,128,386.486,3.0194,4.765
3,8bit,47,41,128,387.492,3.0273,4.822
3,8bit,48,71,128,393.159,3.0716,4.815
3,8bit,49,54,128,378.557,2.9575,4.713
3,8bit,50,70,128,385.838,3.0144,4.823
3,8bit,51,193,1,7.416,7.416,0.055
3,8bit,52,90,128,387.343,3.0261,4.772
3,8bit,53,32,128,386.634,3.0206,4.802
3,8bit,54,72,128,392.325,3.065,4.97
3,8bit,55,58,128,400.435,3.1284,4.946
3,8bit,56,42,128,394.315,3.0806,4.871
3,8bit,57,245,128,380.041,2.9691,4.724
3,8bit,58,181,128,379.739,2.9667,4.683
3,8bit,59,38,128,380.196,2.9703,4.741
3,8bit,60,80,128,387.799,3.0297,4.731
3,8bit,61,87,128,379.177,2.9623,4.745
3,8bit,62,173,114,338.357,2.968,4.155
3,8bit,63,278,128,387.627,3.0283,4.751
3,8bit,64,46,128,386.636,3.0206,4.799
3,8bit,65,49,128,393.213,3.072,4.933
3,8bit,66,104,128,392.826,3.069,4.933
3,8bit,67,158,63,191.588,3.0411,2.39
3,8bit,68,78,128,392.922,3.0697,4.902
3,8bit,69,130,1,0.0,0.0,0.054
3,8bit,70,66,128,378.49,2.957,4.644
3,8bit,71,73,128,371.35,2.9012,4.667
3,8bit,72,49,128,392.206,3.0641,4.88
3,8bit,73,57,128,386.506,3.0196,4.765
3,8bit,74,110,128,372.886,2.9132,4.623
3,8bit,75,142,128,387.125,3.0244,4.726
3,8bit,76,52,128,378.407,2.9563,4.728
3,8bit,77,248,128,386.16,3.0169,4.815
3,8bit,78,67,128,385.962,3.0153,4.793
3,8bit,79,37,128,386.648,3.0207,4.731
3,8bit,80,65,29,87.874,3.0301,1.094
3,8bit,81,111,1,0.0,0.0,0.054
3,8bit,82,49,128,392.269,3.0646,4.883
3,8bit,83,61,128,392.993,3.0703,4.843
3,8bit,84,94,128,370.234,2.8925,4.65
3,8bit,85,43,128,393.809,3.0766,4.853
3,8bit,86,116,43,127.718,2.9702,1.642
3,8bit,87,46,128,385.973,3.0154,4.741
3,8bit,88,80,45,135.989,3.022,1.701
3,8bit,89,45,37,111.432,3.0117,1.395
3,8bit,90,45,128,378.466,2.9568,4.726
3,8bit,91,346,128,379.425,2.9643,4.722
3,8bit,92,86,128,377.574,2.9498,4.664
3,8bit,93,207,1,7.407,7.407,0.055
3,8bit,94,62,128,392.312,3.0649,4.951
3,8bit,95,194,43,128.237,2.9823,1.586
3,8bit,96,67,128,378.302,2.9555,4.676
3,8bit,97,72,128,385.191,3.0093,4.813
3,8bit,98,60,74,226.079,3.0551,2.729
3,8bit,99,106,128,377.476,2.949,4.671
3,8bit,100,67,128,379.405,2.9641,4.731
3,8bit,101,37,128,378.271,2.9552,4.647
3,8bit,102,106,25,71.817,2.8727,0.931
3,8bit,103,231,128,377.436,2.9487,4.678
3,8bit,104,81,128,378.005,2.9532,4.742
3,8bit,105,63,91,273.135,3.0015,3.379
3,8bit,106,96,128,392.062,3.063,4.889
3,8bit,107,35,128,385.198,3.0094,4.787
3,8bit,108,48,128,377.988,2.953,4.709
3,8bit,109,62,128,379.479,2.9647,4.656
3,8bit,110,97,128,378.027,2.9533,4.699
3,8bit,111,222,25,70.533,2.8213,0.926
3,8bit,112,45,128,378.623,2.958,4.707
3,8bit,113,29,128,387.437,3.0269,4.713
3,8bit,114,68,128,378.964,2.9607,4.747
3,8bit,115,56,128,378.564,2.9575,4.648
3,8bit,116,71,128,377.296,2.9476,4.705
3,8bit,117,54,128,385.286,3.01,4.801
3,8bit,118,57,128,386.493,3.0195,4.745
3,8bit,119,52,128,392.779,3.0686,4.923
3,8bit,120,66,39,112.088,2.8741,1.426
3,8bit,121,145,128,378.873,2.9599,4.653
3,8bit,122,77,128,377.997,2.9531,4.742
3,8bit,123,21,128,394.027,3.0783,4.829
3,8bit,124,41,128,400.667,3.1302,4.983
3,8bit,125,37,128,379.421,2.9642,4.761
3,8bit,126,90,54,168.255,3.1158,2.038
3,8bit,127,83,128,384.862,3.0067,4.831
3,8bit,128,49,128,378.894,2.9601,4.702
3,8bit,129,75,128,379.351,2.9637,4.645
3,8bit,130,46,128,386.152,3.0168,4.789
3,8bit,131,53,128,378.357,2.9559,4.776
3,8bit,132,44,128,372.463,2.9099,4.694
3,8bit,133,90,43,121.393,2.8231,1.561
3,8bit,134,66,128,380.671,2.974,4.66
3,8bit,135,214,128,379.729,2.9666,4.677
3,8bit,136,301,128,376.939,2.9448,4.678
3,8bit,137,43,128,379.16,2.9622,4.708
3,8bit,138,48,128,378.007,2.9532,4.702
3,8bit,139,69,128,386.13,3.0166,4.763
3,8bit,140,68,128,372.587,2.9108,4.611
3,8bit,141,211,128,379.734,2.9667,4.71
3,8bit,142,51,128,392.424,3.0658,4.9
3,8bit,143,70,128,378.344,2.9558,4.71
3,8bit,144,61,76,225.912,2.9725,2.761
3,8bit,145,40,128,371.418,2.9017,4.645
3,8bit,146,54,128,380.357,2.9715,4.66
3,8bit,147,47,128,379.074,2.9615,4.701
3,8bit,148,37,128,385.775,3.0139,4.738
3,8bit,149,70,128,378.814,2.9595,4.686
3,8bit,150,36,128,386.073,3.0162,4.817
3,8bit,151,64,128,378.55,2.9574,4.723
3,8bit,152,53,128,378.683,2.9585,4.68
3,8bit,153,93,128,379.732,2.9667,4.714
3,8bit,154,49,128,387.432,3.0268,4.764
3,8bit,155,66,111,330.055,2.9735,4.055
3,8bit,156,347,1,0.0,0.0,0.056
3,8bit,157,203,31,92.866,2.9957,1.191
3,8bit,158,66,51,159.26,3.1227,1.942
3,8bit,159,104,128,393.353,3.0731,4.906
3,8bit,160,450,1,0.0,0.0,0.056
3,8bit,161,62,128,394.062,3.0786,4.813
3,8bit,162,280,1,0.0,0.0,0.055
3,8bit,163,65,55,160.809,2.9238,2.001
3,8bit,164,41,128,379.603,2.9656,4.687
3,8bit,165,336,1,7.307,7.307,0.054
3,8bit,166,62,22,64.255,2.9207,0.819
3,8bit,167,38,128,372.466,2.9099,4.637
3,8bit,168,437,41,127.923,3.1201,1.54
3,8bit,169,84,40,121.187,3.0297,1.458
3,8bit,170,62,128,371.522,2.9025,4.646
3,8bit,171,111,128,386.403,3.0188,4.805
3,8bit,172,54,128,385.231,3.0096,4.752
3,8bit,173,615,1,0.0,0.0,0.055
3,8bit,174,47,128,378.456,2.9567,4.62
3,8bit,175,68,128,372.209,2.9079,4.608
3,8bit,176,74,128,370.409,2.8938,4.622
3,8bit,177,44,128,386.532,3.0198,4.732
3,8bit,178,64,128,378.714,2.9587,4.765
3,8bit,179,79,128,386.87,3.0224,4.724
3,8bit,180,31,128,391.985,3.0624,4.918
3,8bit,181,130,128,368.586,2.8796,4.647
3,8bit,182,44,128,371.882,2.9053,4.612
3,8bit,183,88,128,384.571,3.0045,4.782
3,8bit,184,43,128,369.533,2.887,4.602
3,8bit,185,48,128,384.779,3.0061,4.793
3,8bit,186,45,128,385.075,3.0084,4.867
3,8bit,187,43,128,379.18,2.9623,4.69
3,8bit,188,119,128,379.51,2.9649,4.676
3,8bit,189,101,128,378.566,2.9575,4.712
3,8bit,190,53,128,385.979,3.0155,4.716
3,8bit,191,70,128,370.993,2.8984,4.621
3,8bit,192,151,128,378.453,2.9567,4.68
3,8bit,193,58,128,372.347,2.909,4.657
3,8bit,194,51,128,387.032,3.0237,4.774
3,8bit,195,69,128,387.59,3.028,4.731
3,8bit,196,74,55,161.087,2.9289,2.009
3,8bit,197,50,128,379.769,2.9669,4.718
3,8bit,198,28,128,379.504,2.9649,4.681
3,8bit,199,79,128,379.043,2.9613,4.691
3,8bit,200,33,128,378.919,2.9603,4.689
3,8bit,201,54,128,386.273,3.0178,4.783
3,8bit,202,65,51,150.956,2.9599,1.888
3,8bit,203,127,128,378.4,2.9563,4.742
3,8bit,204,46,128,393.915,3.0775,4.87
3,8bit,205,51,128,393.246,3.0722,4.868
3,8bit,206,45,128,391.976,3.0623,4.898
3,8bit,207,49,128,386.374,3.0185,4.817
3,8bit,208,90,128,386.389,3.0187,4.813
3,8bit,209,77,128,394.312,3.0806,4.864
3,8bit,210,96,33,104.055,3.1532,1.263
3,8bit,211,63,33,95.768,2.9021,1.24
3,8bit,212,52,128,400.257,3.127,4.932
3,8bit,213,38,128,386.462,3.0192,4.872
3,8bit,214,81,128,378.978,2.9608,4.677
3,8bit,215,52,128,392.868,3.0693,4.867
3,8bit,216,256,128,392.094,3.0632,4.883
3,8bit,217,79,128,377.28,2.9475,4.734
3,8bit,218,41,128,384.267,3.0021,4.797
3,8bit,219,72,128,385.836,3.0143,4.708
3,8bit,220,47,128,379.435,2.9643,4.733
3,8bit,221,50,128,393.049,3.0707,4.868
3,8bit,222,85,124,369.321,2.9784,4.593
3,8bit,223,207,128,377.402,2.9485,4.75
3,8bit,224,273,39,120.184,3.0816,1.427
3,8bit,225,72,128,375.508,2.9337,4.743
3,8bit,226,122,128,377.178,2.9467,4.705
3,8bit,227,55,128,378.421,2.9564,4.697
3,8bit,228,43,128,386.433,3.019,4.756
3,8bit,229,72,128,384.02,3.0002,4.848
3,8bit,230,50,45,136.197,3.0266,1.658
3,8bit,231,54,128,399.167,3.1185,4.947
3,8bit,232,70,128,377.862,2.952,4.732
3,8bit,233,56,128,393.374,3.0732,4.916
3,8bit,234,38,128,393.366,3.0732,4.881
3,8bit,235,24,54,159.398,2.9518,2.005
3,8bit,236,72,128,384.451,3.0035,4.81
3,8bit,237,64,52,152.97,2.9417,1.861
3,8bit,238,35,94,273.946,2.9143,3.379
3,8bit,239,93,128,377.135,2.9464,4.681
3,8bit,240,54,128,385.777,3.0139,4.766
3,8bit,241,51,128,392.225,3.0643,4.923
3,8bit,242,64,128,385.005,3.0079,4.806
3,8bit,243,53,128,390.724,3.0525,4.857
3,8bit,244,26,128,378.008,2.9532,4.69
3,8bit,245,217,128,377.153,2.9465,4.71
3,8bit,246,82,128,390.348,3.0496,4.887
3,8bit,247,79,128,383.452,2.9957,4.779
3,8bit,248,545,30,88.165,2.9388,1.103
3,8bit,249,28,128,369.689,2.8882,4.665
3,8bit,250,46,128,392.372,3.0654,4.89
3,8bit,251,43,128,393.687,3.0757,4.821
3,8bit,252,59,49,143.808,2.9349,1.843
3,8bit,253,237,1,7.388,7.388,0.056
3,8bit,254,90,128,383.615,2.997,4.836
3,8bit,255,52,128,385.013,3.0079,4.813
3,8bit,256,311,128,385.455,3.0114,4.709
3,8bit,257,40,128,371.152,2.8996,4.653
3,8bit,258,50,128,392.751,3.0684,4.912
3,8bit,259,67,128,393.358,3.0731,4.877
3,8bit,260,75,70,208.72,2.9817,2.563
3,8bit,261,61,128,384.391,3.0031,4.759
3,8bit,262,67,128,385.034,3.0081,4.805
3,8bit,263,65,128,391.869,3.0615,4.909
3,8bit,264,49,45,136.768,3.0393,1.652
3,8bit,265,51,128,370.197,2.8922,4.661
3,8bit,266,41,128,384.741,3.0058,4.811
3,8bit,267,88,128,392.885,3.0694,4.852
3,8bit,268,43,128,384.893,3.007,4.802
3,8bit,269,48,128,392.345,3.0652,4.888
3,8bit,270,109,128,391.888,3.0616,4.887
3,8bit,271,41,128,393.362,3.0731,4.879
3,8bit,272,40,128,385.203,3.0094,4.779
3,8bit,273,41,128,377.116,2.9462,4.696
3,8bit,274,66,128,376.578,2.942,4.732
3,8bit,275,53,128,379.215,2.9626,4.724
3,8bit,276,37,128,387.101,3.0242,4.81
3,8bit,277,61,128,385.812,3.0142,4.779
3,8bit,278,52,128,399.346,3.1199,5.069
3,8bit,279,245,62,190.82,3.0777,2.348
3,8bit,280,93,128,384.772,3.006,4.777
3,8bit,281,50,128,375.237,2.9315,4.716
3,8bit,282,129,48,143.43,2.9881,1.796
3,8bit,283,42,128,370.573,2.8951,4.619
3,8bit,284,65,128,378.001,2.9531,4.693
3,8bit,285,70,128,385.899,3.0148,4.763
3,8bit,286,50,128,393.252,3.0723,4.854
3,8bit,287,91,128,377.998,2.9531,4.743
3,8bit,288,48,128,376.541,2.9417,4.717
3,8bit,289,47,128,393.075,3.0709,4.844
3,8bit,290,60,128,378.434,2.9565,4.716
3,8bit,291,107,128,378.311,2.9556,4.714
3,8bit,292,83,128,386.346,3.0183,4.721
3,8bit,293,69,128,386.124,3.0166,4.85
3,8bit,294,119,30,88.11,2.937,1.097
3,8bit,295,87,41,120.522,2.9396,1.498
3,8bit,296,70,128,384.893,3.007,4.806
3,8bit,297,73,2,7.455,3.7275,0.088
3,8bit,298,62,128,385.436,3.0112,4.756
3,8bit,299,34,128,385.922,3.015,4.806
3,8bit,300,44,128,378.16,2.9544,4.684
3,8bit,301,245,128,378.615,2.9579,4.732
3,8bit,302,68,128,379.857,2.9676,4.654
3,8bit,303,93,128,393.336,3.0729,4.865
3,8bit,304,47,128,391.962,3.0622,4.935
3,8bit,305,56,128,393.086,3.071,4.895
3,8bit,306,53,128,395.369,3.0888,4.831
3,8bit,307,66,128,386.321,3.0181,4.872
3,8bit,308,32,128,387.078,3.024,4.717
3,8bit,309,40,128,370.978,2.8983,4.671
3,8bit,310,74,128,393.314,3.0728,4.87
3,8bit,311,170,128,394.008,3.0782,4.839
3,8bit,312,50,128,392.593,3.0671,4.96
3,8bit,313,67,128,379.184,2.9624,4.658
3,8bit,314,74,128,379.821,2.9674,4.645
3,8bit,315,50,128,371.004,2.8985,4.663
3,8bit,316,46,128,386.782,3.0217,4.737
3,8bit,317,97,128,370.798,2.8969,4.652
3,8bit,318,33,128,379.455,2.9645,4.649
3,8bit,319,205,1,0.0,0.0,0.053
3,8bit,320,57,128,386.325,3.0182,4.733
3,8bit,321,85,128,378.629,2.958,4.723
3,8bit,322,38,128,399.9,3.1242,4.953
3,8bit,323,230,128,392.046,3.0629,4.917
3,8bit,324,30,128,385.235,3.0096,4.845
3,8bit,325,159,79,240.749,3.0475,2.958
3,8bit,326,65,128,379.497,2.9648,4.691
3,8bit,327,124,128,385.847,3.0144,4.737
3,8bit,328,39,128,379.352,2.9637,4.685
3,8bit,329,71,128,392.443,3.066,4.918
3,8bit,330,63,128,393.491,3.0741,4.875
3,8bit,331,119,128,371.406,2.9016,4.631
3,8bit,332,57,128,379.057,2.9614,4.653
3,8bit,333,83,35,103.639,2.9611,1.334
3,8bit,334,261,115,345.324,3.0028,4.345
3,8bit,335,65,128,386.185,3.0171,4.814
3,8bit,336,154,128,384.196,3.0015,4.791
3,8bit,337,82,128,371.309,2.9009,4.659
3,8bit,338,43,128,385.891,3.0148,4.76
3,8bit,339,32,128,380.111,2.9696,4.663
3,8bit,340,76,128,384.612,3.0048,4.807
3,8bit,341,102,41,119.589,2.9168,1.512
3,8bit,342,63,128,386.305,3.018,4.77
3,8bit,343,66,128,378.201,2.9547,4.731
3,8bit,344,47,128,379.186,2.9624,4.635
3,8bit,345,54,128,371.378,2.9014,4.664
3,8bit,346,46,128,392.964,3.07,4.812
3,8bit,347,54,128,379.038,2.9612,4.783
3,8bit,348,28,128,386.341,3.0183,4.836
3,8bit,349,34,128,384.534,3.0042,4.788
3,8bit,350,207,73,215.067,2.9461,2.738
3,8bit,351,113,128,393.083,3.071,4.901
3,8bit,352,52,128,393.688,3.0757,4.826
3,8bit,353,56,128,384.714,3.0056,4.785
3,8bit,354,57,128,392.411,3.0657,4.893
3,8bit,355,48,128,391.844,3.0613,4.912
3,8bit,356,29,128,377.503,2.9492,4.676
3,8bit,357,201,128,377.831,2.9518,4.769
3,8bit,358,45,128,386.15,3.0168,4.729
3,8bit,359,54,128,378.275,2.9553,4.758
3,8bit,360,42,128,378.628,2.958,4.655
3,8bit,361,62,128,384.92,3.0072,4.816
3,8bit,362,95,128,370.692,2.896,4.606
3,8bit,363,199,128,378.968,2.9607,4.69
3,8bit,364,90,47,144.481,3.0741,1.743
3,8bit,365,154,1,0.0,0.0,0.055
3,8bit,366,79,88,269.641,3.0641,3.352
3,8bit,367,35,128,386.017,3.0158,4.755
3,8bit,368,32,128,378.471,2.9568,4.679
3,8bit,369,96,128,379.143,2.9621,4.687
3,8bit,370,67,128,377.854,2.952,4.782
3,8bit,371,59,128,377.673,2.9506,4.645
3,8bit,372,247,47,135.473,2.8824,1.727
3,8bit,373,95,128,378.818,2.9595,4.642
3,8bit,374,31,128,378.284,2.9553,4.684
3,8bit,375,37,128,378.115,2.954,4.765
3,8bit,376,68,128,386.798,3.0219,4.791
3,8bit,377,54,128,379.392,2.964,4.687
3,8bit,378,312,128,384.292,3.0023,4.8
3,8bit,379,56,128,394.227,3.0799,4.803
3,8bit,380,361,1,0.0,0.0,0.054
3,8bit,381,56,128,385.531,3.012,4.801
3,8bit,382,50,128,386.513,3.0196,4.723
3,8bit,383,39,128,378.802,2.9594,4.752
3,8bit,384,75,128,387.103,3.0242,4.758
3,8bit,385,70,128,378.816,2.9595,4.674
3,8bit,386,225,128,378.786,2.9593,4.772
3,8bit,387,50,33,104.348,3.1621,1.208
3,8bit,388,61,128,385.334,3.0104,4.882
3,8bit,389,50,128,392.225,3.0643,4.858
3,8bit,390,63,128,376.906,2.9446,4.723
3,8bit,391,60,128,379.277,2.9631,4.655
3,8bit,392,44,128,399.672,3.1224,4.953
3,8bit,393,46,128,393.091,3.071,4.945
3,8bit,394,72,96,289.792,3.0187,3.593
3,8bit,395,133,47,136.748,2.9095,1.717
3,8bit,396,95,44,136.077,3.0927,1.646
3,8bit,397,58,128,378.252,2.9551,4.68
3,8bit,398,90,128,392.766,3.0685,4.901
3,8bit,399,49,128,378.111,2.954,4.692
3,8bit,400,76,128,378.127,2.9541,4.742
3,8bit,401,58,128,394.267,3.0802,4.855
3,8bit,402,42,128,393.209,3.0719,4.875
3,8bit,403,71,33,103.678,3.1418,1.274
3,8bit,404,184,45,135.958,3.0213,1.715
3,8bit,405,39,128,386.039,3.0159,4.835
3,8bit,406,79,128,379.771,2.967,4.691
3,8bit,407,46,128,387.385,3.0264,4.767
3,8bit,408,47,128,387.612,3.0282,4.752
3,8bit,409,61,128,372.446,2.9097,4.652
3,8bit,410,53,128,387.869,3.0302,4.743
3,8bit,411,81,128,386.014,3.0157,4.79
3,8bit,412,166,128,386.855,3.0223,4.79
3,8bit,413,86,128,392.941,3.0699,4.891
3,8bit,414,98,128,379.04,2.9612,4.688
3,8bit,415,192,96,282.804,2.9459,3.49
3,8bit,416,373,1,0.0,0.0,0.054
3,8bit,417,465,31,96.203,3.1033,1.137
3,8bit,418,62,128,379.948,2.9683,4.692
3,8bit,419,68,128,380.279,2.9709,4.695
3,8bit,420,65,128,380.718,2.9744,4.688
3,8bit,421,49,27,80.731,2.99,0.988
3,8bit,422,252,128,380.159,2.97,4.77
3,8bit,423,44,128,386.817,3.022,4.779
3,8bit,424,58,128,379.751,2.9668,4.662
3,8bit,425,26,128,378.811,2.9595,4.715
3,8bit,426,35,128,401.531,3.137,4.932
3,8bit,427,61,128,387.158,3.0247,4.855
3,8bit,428,83,128,387.037,3.0237,4.798
3,8bit,429,45,128,394.6,3.0828,4.851
3,8bit,430,54,128,387.01,3.0235,4.811
3,8bit,431,57,128,379.517,2.965,4.711
3,8bit,432,110,128,386.522,3.0197,4.788
3,8bit,433,43,128,378.843,2.9597,4.668
3,8bit,434,75,36,103.436,2.8732,1.351
3,8bit,435,57,80,242.098,3.0262,2.991
3,8bit,436,80,128,387.176,3.0248,4.773
3,8bit,437,88,128,393.485,3.0741,4.844
3,8bit,438,119,128,380.182,2.9702,4.736
3,8bit,439,39,128,379.755,2.9668,4.701
3,8bit,440,77,128,379.689,2.9663,4.654
3,8bit,441,92,1,0.0,0.0,0.052
3,8bit,442,94,128,385.707,3.0133,4.725
3,8bit,443,51,128,387.691,3.0288,4.775
3,8bit,444,33,128,378.059,2.9536,4.77
3,8bit,445,102,128,395.573,3.0904,4.829
3,8bit,446,74,128,378.879,2.96,4.718
3,8bit,447,77,128,386.407,3.0188,4.796
3,8bit,448,71,128,394.312,3.0806,4.851
3,8bit,449,41,128,379.701,2.9664,4.724
3,8bit,450,51,128,378.635,2.9581,4.661
3,8bit,451,331,1,0.0,0.0,0.055
3,8bit,452,44,128,379.516,2.965,4.643
3,8bit,453,92,95,273.841,2.8825,3.405
3,8bit,454,63,128,393.408,3.0735,4.911
3,8bit,455,37,128,387.522,3.0275,4.748
3,8bit,456,135,89,266.309,2.9922,3.295
3,8bit,457,57,37,104.566,2.8261,1.341
3,8bit,458,49,128,386.577,3.0201,4.737
3,8bit,459,58,128,384.408,3.0032,4.793
3,8bit,460,68,128,379.369,2.9638,4.783
3,8bit,461,101,128,379.637,2.9659,4.65
3,8bit,462,79,128,379.094,2.9617,4.666
3,8bit,463,59,128,376.398,2.9406,4.731
3,8bit,464,30,128,384.986,3.0077,4.734
3,8bit,465,55,128,377.525,2.9494,4.782
3,8bit,466,35,128,379.189,2.9624,4.764
3,8bit,467,93,128,386.566,3.02,4.793
3,8bit,468,111,128,379.963,2.9685,4.651
3,8bit,469,135,128,379.882,2.9678,4.72
3,8bit,470,42,128,386.234,3.0175,4.779
3,8bit,471,59,128,372.132,2.9073,4.62
3,8bit,472,167,60,177.557,2.9593,2.216
3,8bit,473,169,128,388.476,3.035,4.764
3,8bit,474,356,1,6.433,6.433,0.054
3,8bit,475,219,1,0.0,0.0,0.054
3,8bit,476,65,58,167.838,2.8938,2.079
3,8bit,477,190,128,380.805,2.975,4.712
3,8bit,478,65,128,380.462,2.9724,4.686
3,8bit,479,63,128,386.216,3.0173,4.758
3,8bit,480,59,128,387.863,3.0302,4.778
3,8bit,481,48,128,371.076,2.899,4.597
3,8bit,482,128,1,0.0,0.0,0.053
3,8bit,483,125,128,377.894,2.9523,4.692
3,8bit,484,49,128,379.958,2.9684,4.679
3,8bit,485,68,128,394.097,3.0789,4.89
3,8bit,486,68,128,402.194,3.1421,4.928
3,8bit,487,76,128,379.9,2.968,4.769
3,8bit,488,100,128,386.24,3.0175,4.755
3,8bit,489,39,128,380.015,2.9689,4.679
3,8bit,490,44,128,373.003,2.9141,4.614
3,8bit,491,60,128,379.098,2.9617,4.723
3,8bit,492,54,128,388.798,3.0375,4.744
3,8bit,493,62,38,119.409,3.1423,1.458
3,8bit,494,224,1,0.0,0.0,0.055
3,8bit,495,189,125,378.417,3.0273,4.68
3,8bit,496,109,128,393.992,3.0781,4.885
3,8bit,497,78,128,386.583,3.0202,4.783
3,8bit,498,37,128,384.093,3.0007,4.835
3,8bit,499,70,128,398.883,3.1163,4.924
3,16bit,0,45,128,541.313,4.229,5.373
3,16bit,1,57,57,558.486,9.798,7.052
3,16bit,2,110,25,125.072,5.0029,1.247
3,16bit,3,230,128,1526.36,11.9247,19.732
3,16bit,4,275,1,22.954,22.954,0.278
3,16bit,5,47,128,514.07,4.0162,4.937
3,16bit,6,42,128,1770.528,13.8322,22.636
3,16bit,7,49,128,468.178,3.6576,4.358
3,16bit,8,38,128,1262.619,9.8642,15.818
3,16bit,9,66,128,1092.677,8.5365,13.353
3,16bit,10,51,41,317.034,7.7325,4.005
3,16bit,11,59,128,1162.69,9.0835,14.514
3,16bit,12,38,128,582.784,4.553,5.661
3,16bit,13,45,128,1007.907,7.8743,12.044
3,16bit,14,48,128,522.498,4.082,4.934
3,16bit,15,299,25,106.847,4.2739,1.247
3,16bit,16,201,1,24.444,24.444,0.303
3,16bit,17,109,128,591.675,4.6225,5.951
3,16bit,18,49,128,1010.072,7.8912,12.625
3,16bit,19,60,128,1291.112,10.0868,15.814
3,16bit,20,402,1,0.0,0.0,0.013
3,16bit,21,59,128,515.535,4.0276,5.225
3,16bit,22,94,128,1466.956,11.4606,18.571
3,16bit,23,58,128,1034.247,8.0801,12.166
3,16bit,24,39,128,1739.208,13.5876,22.639
3,16bit,25,65,128,999.115,7.8056,12.19
3,16bit,26,53,128,1578.337,12.3308,19.885
3,16bit,27,76,128,843.885,6.5929,9.579
3,16bit,28,139,128,1020.366,7.9716,12.774
3,16bit,29,239,128,1032.178,8.0639,12.913
3,16bit,30,76,128,1300.207,10.1579,16.106
3,16bit,31,59,128,1330.84,10.3972,16.492
3,16bit,32,73,128,1012.98,7.9139,12.336
3,16bit,33,45,111,1154.414,10.4001,14.503
3,16bit,34,58,128,1122.403,8.7688,13.495
3,16bit,35,34,128,991.584,7.7468,11.753
3,16bit,36,60,128,912.289,7.1273,10.884
3,16bit,37,67,128,1852.781,14.4749,23.792
3,16bit,38,60,128,479.11,3.743,4.498
3,16bit,39,39,128,1624.256,12.6895,20.89
3,16bit,40,115,128,627.014,4.8985,6.676
3,16bit,41,53,128,1046.07,8.1724,13.35
3,16bit,42,86,128,813.245,6.3535,9.287
3,16bit,43,67,128,468.305,3.6586,4.503
3,16bit,44,79,128,2027.062,15.8364,26.698
3,16bit,45,62,128,631.891,4.9366,6.675
3,16bit,46,67,128,2162.39,16.8937,28.142
3,16bit,47,41,128,995.542,7.7777,12.334
3,16bit,48,71,128,2037.156,15.9153,26.693
3,16bit,49,54,128,884.788,6.9124,10.598
3,16bit,50,70,128,1141.602,8.9188,14.514
3,16bit,51,193,1,17.316,17.316,0.013
3,16bit,52,90,128,1334.065,10.4224,16.684
3,16bit,53,32,128,744.971,5.8201,8.272
3,16bit,54,72,128,1082.628,8.458,13.203
3,16bit,55,58,128,1441.826,11.2643,18.134
3,16bit,56,42,128,1996.616,15.5986,26.185
3,16bit,57,245,25,135.927,5.4371,1.392
3,16bit,58,181,128,1504.661,11.7552,19.368
3,16bit,59,38,128,844.382,6.5967,10.015
3,16bit,60,80,128,1335.221,10.4314,16.687
3,16bit,61,87,128,677.715,5.2946,6.677
3,16bit,62,173,31,104.151,3.3597,1.154
3,16bit,63,278,128,1349.952,10.5465,16.827
3,16bit,64,46,128,984.831,7.694,12.336
3,16bit,65,49,128,1236.098,9.657,15.23
3,16bit,66,104,128,518.822,4.0533,4.937
3,16bit,67,158,32,162.43,5.0759,1.456
3,16bit,68,78,128,845.556,6.6059,9.577
3,16bit,69,130,128,1261.443,9.855,15.668
3,16bit,70,66,128,528.463,4.1286,5.224
3,16bit,71,73,128,544.408,4.2532,5.515
3,16bit,72,49,128,1453.627,11.3565,18.338
3,16bit,73,57,128,534.032,4.1721,5.37
3,16bit,74,110,128,1275.642,9.966,15.911
3,16bit,75,142,128,1421.548,11.1058,17.99
3,16bit,76,52,128,904.951,7.0699,10.74
3,16bit,77,248,128,829.381,6.4795,9.141
3,16bit,78,67,128,893.205,6.9782,10.595
3,16bit,79,37,128,864.383,6.753,10.132
3,16bit,80,65,29,240.786,8.303,2.878
3,16bit,81,111,1,38.861,38.861,0.399
3,16bit,82,49,128,922.094,7.2039,10.888
3,16bit,83,61,128,2095.603,16.3719,26.986
3,16bit,84,94,128,492.437,3.8472,4.648
3,16bit,85,43,128,1324.146,10.3449,16.683
3,16bit,86,116,49,253.423,5.1719,2.335
3,16bit,87,46,128,1676.098,13.0945,21.907
3,16bit,88,80,77,307.643,3.9954,2.876
3,16bit,89,45,128,1102.165,8.6107,13.496
3,16bit,90,45,128,1225.113,9.5712,14.878
3,16bit,91,346,128,889.965,6.9529,10.494
3,16bit,92,86,128,844.304,6.5961,10.016
3,16bit,93,207,1,0.0,0.0,0.013
3,16bit,94,62,128,2051.627,16.0283,26.265
3,16bit,95,194,43,112.096,2.6069,1.118
3,16bit,96,67,128,1365.586,10.6686,16.976
3,16bit,97,72,128,1822.914,14.2415,23.793
3,16bit,98,60,60,253.774,4.2296,2.725
3,16bit,99,106,128,551.04,4.305,5.52
3,16bit,100,67,128,2157.128,16.8526,28.43
3,16bit,101,37,128,840.58,6.567,9.436
3,16bit,102,106,25,273.368,10.9347,3.567
3,16bit,103,231,63,517.432,8.2132,6.378
3,16bit,104,81,128,556.827,4.3502,5.517
3,16bit,105,63,91,813.512,8.9397,9.826
3,16bit,106,96,128,1295.74,10.123,15.964
3,16bit,107,35,128,866.103,6.7664,10.305
3,16bit,108,48,128,794.069,6.2037,9.143
3,16bit,109,62,128,500.503,3.9102,4.355
3,16bit,110,97,95,436.76,4.5975,4.493
3,16bit,111,222,25,228.093,9.1237,2.988
3,16bit,112,45,128,1433.094,11.196,17.846
3,16bit,113,29,128,1533.172,11.9779,19.442
3,16bit,114,68,128,869.462,6.7927,10.449
3,16bit,115,56,128,1038.104,8.1102,12.915
3,16bit,116,71,128,1388.736,10.8495,17.559
3,16bit,117,54,128,803.852,6.2801,9.291
3,16bit,118,57,128,1222.935,9.5542,15.093
3,16bit,119,52,128,901.565,7.0435,10.67
3,16bit,120,66,23,190.138,8.2669,2.293
3,16bit,121,145,128,864.565,6.7544,10.305
3,16bit,122,77,128,1572.643,12.2863,20.047
3,16bit,123,21,128,1529.025,11.9455,19.441
3,16bit,124,41,128,2038.804,15.9282,26.987
3,16bit,125,37,128,573.317,4.479,5.374
3,16bit,126,90,56,502.348,8.9705,6.313
3,16bit,127,83,128,607.478,4.7459,6.003
3,16bit,128,49,128,639.36,4.995,6.821
3,16bit,129,75,128,868.848,6.7879,10.012
3,16bit,130,46,128,1545.093,12.071,19.585
3,16bit,131,53,128,1710.047,13.3597,22.345
3,16bit,132,44,128,748.026,5.844,8.27
3,16bit,133,90,107,1564.728,14.6236,20.559
3,16bit,134,66,128,1374.241,10.7363,17.412
3,16bit,135,214,128,1893.146,14.7902,24.664
3,16bit,136,301,128,1104.838,8.6315,13.493
3,16bit,137,43,128,1085.526,8.4807,12.913
3,16bit,138,48,128,1157.629,9.044,14.221
3,16bit,139,69,128,2311.342,18.0574,30.034
3,16bit,140,68,128,815.662,6.3724,9.578
3,16bit,141,211,128,621.753,4.8574,6.817
3,16bit,142,51,128,541.269,4.2287,5.369
3,16bit,143,70,37,151.556,4.0961,1.499
3,16bit,144,61,73,792.828,10.8607,9.803
3,16bit,145,40,128,1067.226,8.3377,13.202
3,16bit,146,54,128,1701.257,13.2911,21.473
3,16bit,147,47,128,1032.999,8.0703,12.479
3,16bit,148,37,128,930.662,7.2708,10.887
3,16bit,149,70,128,1247.092,9.7429,15.236
3,16bit,150,36,51,222.797,4.3686,2.207
3,16bit,151,64,128,1109.62,8.6689,13.492
3,16bit,152,53,128,1135.766,8.8732,13.639
3,16bit,153,93,65,209.536,3.2236,2.043
3,16bit,154,49,128,969.251,7.5723,11.9
3,16bit,155,66,106,1260.457,11.8911,16.052
3,16bit,156,347,1,0.0,0.0,0.013
3,16bit,157,203,128,1905.15,14.884,24.95
3,16bit,158,66,48,403.155,8.3991,4.791
3,16bit,159,104,128,1047.706,8.1852,12.334
3,16bit,160,450,1,39.242,39.242,0.303
3,16bit,161,62,128,562.067,4.3911,5.373
3,16bit,162,280,1,26.868,26.868,0.302
3,16bit,163,65,55,228.396,4.1527,2.098
3,16bit,164,41,128,1355.539,10.5901,16.829
3,16bit,165,336,1,0.0,0.0,0.013
3,16bit,166,62,20,56.986,2.8493,0.546
3,16bit,167,38,128,453.069,3.5396,4.354
3,16bit,168,437,65,271.192,4.1722,2.335
3,16bit,169,84,42,60.548,1.4416,0.673
3,16bit,170,62,128,1185.1,9.2586,14.362
3,16bit,171,111,128,1203.45,9.402,14.657
3,16bit,172,54,128,656.018,5.1251,6.676
3,16bit,173,615,1,0.0,0.0,0.012
3,16bit,174,47,128,1086.354,8.4871,13.496
3,16bit,175,68,128,1002.131,7.8291,12.484
3,16bit,176,74,128,1177.762,9.2013,14.657
3,16bit,177,44,128,1022.547,7.9886,12.771
3,16bit,178,64,128,1419.735,11.0917,18.134
3,16bit,179,79,128,1027.236,8.0253,12.192
3,16bit,180,31,128,840.332,6.5651,10.017
3,16bit,181,130,128,1275.63,9.9659,15.966
3,16bit,182,44,128,1549.358,12.1044,19.445
3,16bit,183,88,128,914.797,7.1469,10.595
3,16bit,184,43,128,510.928,3.9916,5.084
3,16bit,185,48,128,1042.462,8.1442,12.338
3,16bit,186,45,128,894.859,6.9911,10.598
3,16bit,187,43,128,1593.188,12.4468,20.315
3,16bit,188,119,25,87.928,3.5171,0.811
3,16bit,189,101,128,1227.697,9.5914,14.944
3,16bit,190,53,128,518.686,4.0522,5.08
3,16bit,191,70,128,1424.957,11.1325,17.997
3,16bit,192,151,128,497.077,3.8834,4.65
3,16bit,193,58,128,1414.306,11.0493,17.412
3,16bit,194,51,128,1916.8,14.975,25.104
3,16bit,195,69,128,554.216,4.3298,5.663
3,16bit,196,74,53,245.329,4.6288,2.371
3,16bit,197,50,128,915.915,7.1556,10.887
3,16bit,198,28,128,1313.253,10.2598,16.395
3,16bit,199,79,59,251.939,4.2702,2.427
3,16bit,200,33,128,453.346,3.5418,4.356
3,16bit,201,54,128,783.929,6.1244,8.422
3,16bit,202,65,35,188.359,5.3817,1.773
3,16bit,203,127,128,984.68,7.6928,11.614
3,16bit,204,46,128,549.592,4.2937,5.516
3,16bit,205,51,128,601.286,4.6975,6.094
3,16bit,206,45,128,558.585,4.3639,5.517
3,16bit,207,49,128,1041.165,8.1341,12.912
3,16bit,208,90,128,1003.04,7.8362,12.042
3,16bit,209,77,128,1033.231,8.0721,12.338
3,16bit,210,96,128,2030.433,15.8628,26.55
3,16bit,211,63,47,242.081,5.1507,2.172
3,16bit,212,52,128,1165.382,9.1045,14.509
3,16bit,213,38,128,515.169,4.0248,4.794
3,16bit,214,81,128,1437.169,11.2279,17.994
3,16bit,215,52,128,547.771,4.2795,5.375
3,16bit,216,256,128,1052.811,8.2251,13.35
3,16bit,217,79,128,598.476,4.6756,5.814
3,16bit,218,41,128,2086.679,16.3022,27.422
3,16bit,219,72,128,771.058,6.0239,8.564
3,16bit,220,47,128,1020.894,7.9757,12.77
3,16bit,221,50,128,960.24,7.5019,11.607
3,16bit,222,85,128,1898.955,14.8356,24.522
3,16bit,223,207,31,153.431,4.9494,1.59
3,16bit,224,273,44,180.705,4.1069,1.419
3,16bit,225,72,128,1107.173,8.6498,13.785
3,16bit,226,122,128,1008.192,7.8765,12.576
3,16bit,227,55,128,845.145,6.6027,10.015
3,16bit,228,43,128,1295.421,10.1205,15.866
3,16bit,229,72,128,1201.053,9.3832,14.653
3,16bit,230,50,49,200.525,4.0923,1.899
3,16bit,231,54,128,1669.192,13.0406,21.473
3,16bit,232,70,128,621.41,4.8548,6.117
3,16bit,233,56,128,525.021,4.1017,5.225
3,16bit,234,38,128,1213.207,9.4782,14.361
3,16bit,235,24,64,822.721,12.855,10.595
3,16bit,236,72,128,1359.896,10.6242,17.125
3,16bit,237,64,128,682.881,5.335,6.968
3,16bit,238,35,128,1176.012,9.1876,14.366
3,16bit,239,93,128,693.517,5.4181,7.55
3,16bit,240,54,128,1231.9,9.6242,15.238
3,16bit,241,51,128,1206.74,9.4277,15.09
3,16bit,242,64,128,584.763,4.5685,5.949
3,16bit,243,53,128,853.475,6.6678,9.504
3,16bit,244,26,128,847.438,6.6206,10.017
3,16bit,245,217,128,1581.178,12.353,19.73
3,16bit,246,82,110,1488.834,13.5349,19.275
3,16bit,247,79,128,798.092,6.2351,8.849
3,16bit,248,545,30,125.566,4.1855,1.437
3,16bit,249,28,128,1548.007,12.0938,19.591
3,16bit,250,46,128,901.626,7.044,10.307
3,16bit,251,43,128,1906.001,14.8906,24.669
3,16bit,252,59,49,254.293,5.1897,2.482
3,16bit,253,237,1,0.0,0.0,0.012
3,16bit,254,90,128,1726.535,13.4886,22.489
3,16bit,255,52,128,523.526,4.09,5.084
3,16bit,256,311,128,677.784,5.2952,6.678
3,16bit,257,40,128,551.829,4.3112,5.226
3,16bit,258,50,128,1374.103,10.7352,16.683
3,16bit,259,67,128,649.645,5.0754,6.533
3,16bit,260,75,128,1781.653,13.9192,23.215
3,16bit,261,61,128,699.361,5.4638,7.549
3,16bit,262,67,128,1402.337,10.9558,17.847
3,16bit,263,65,128,1116.791,8.7249,14.076
3,16bit,264,49,45,381.857,8.4857,4.62
3,16bit,265,51,128,809.336,6.3229,9.146
3,16bit,266,41,128,903.35,7.0574,10.593
3,16bit,267,88,128,1111.283,8.6819,13.492
3,16bit,268,43,128,642.391,5.0187,6.245
3,16bit,269,48,128,1134.818,8.8658,13.353
3,16bit,270,109,128,1237.823,9.6705,15.238
3,16bit,271,41,128,1033.37,8.0732,12.919
3,16bit,272,40,128,1001.231,7.8221,11.753
3,16bit,273,41,128,904.382,7.0655,10.742
3,16bit,274,66,128,792.931,6.1948,8.856
3,16bit,275,53,128,837.181,6.5405,9.723
3,16bit,276,37,128,1333.13,10.4151,16.4
3,16bit,277,61,128,524.374,4.0967,5.225
3,16bit,278,52,128,805.05,6.2895,9.292
3,16bit,279,245,67,271.195,4.0477,2.352
3,16bit,280,93,128,990.089,7.7351,11.902
3,16bit,281,50,128,761.406,5.9485,7.986
3,16bit,282,129,1,42.009,42.009,0.423
3,16bit,283,42,128,576.681,4.5053,5.372
3,16bit,284,65,128,1605.877,12.5459,20.31
3,16bit,285,70,128,602.759,4.7091,5.805
3,16bit,286,50,128,1123.54,8.7777,14.076
3,16bit,287,91,41,618.312,15.0808,7.918
3,16bit,288,48,128,1188.543,9.2855,14.367
3,16bit,289,47,128,531.075,4.149,5.082
3,16bit,290,60,128,1627.844,12.7175,21.04
3,16bit,291,107,128,538.741,4.2089,5.228
3,16bit,292,83,128,987.247,7.7129,12.186
3,16bit,293,69,128,650.267,5.0802,7.108
3,16bit,294,119,128,665.264,5.1974,7.256
3,16bit,295,87,128,1545.509,12.0743,19.395
3,16bit,296,70,128,895.075,6.9928,10.667
3,16bit,297,73,2,0.0,0.0,0.022
3,16bit,298,62,128,518.949,4.0543,5.079
3,16bit,299,34,128,1376.872,10.7568,17.126
3,16bit,300,44,128,1228.337,9.5964,14.941
3,16bit,301,245,46,220.979,4.8039,2.162
3,16bit,302,68,128,526.743,4.1152,5.225
3,16bit,303,93,128,597.28,4.6663,6.527
3,16bit,304,47,128,615.297,4.807,5.659
3,16bit,305,56,128,570.358,4.4559,5.513
3,16bit,306,53,128,711.225,5.5564,7.549
3,16bit,307,66,128,797.736,6.2323,8.998
3,16bit,308,32,128,547.754,4.2793,5.446
3,16bit,309,40,128,508.06,3.9692,4.936
3,16bit,310,74,128,851.41,6.6516,9.87
3,16bit,311,170,128,1710.676,13.3647,21.469
3,16bit,312,50,128,1348.777,10.5373,16.443
3,16bit,313,67,128,530.544,4.1449,5.22
3,16bit,314,74,128,567.803,4.436,5.515
3,16bit,315,50,128,988.334,7.7214,11.683
3,16bit,316,46,128,1368.261,10.6895,16.976
3,16bit,317,97,128,1360.43,10.6284,16.546
3,16bit,318,33,128,748.566,5.8482,8.127
3,16bit,319,205,1,21.396,21.396,0.158
3,16bit,320,57,128,512.399,4.0031,4.939
3,16bit,321,85,16,19.521,1.2201,0.149
3,16bit,322,38,128,1586.643,12.3956,19.737
3,16bit,323,230,128,1550.18,12.1108,19.444
3,16bit,324,30,128,589.509,4.6055,6.094
3,16bit,325,159,128,1269.94,9.9214,15.523
3,16bit,326,65,128,1230.039,9.6097,15.523
3,16bit,327,124,128,965.979,7.5467,11.029
3,16bit,328,39,128,1238.28,9.6741,15.019
3,16bit,329,71,128,729.144,5.6964,7.984
3,16bit,330,63,128,1713.686,13.3882,22.193
3,16bit,331,119,128,1432.38,11.1905,17.845
3,16bit,332,57,128,1556.747,12.1621,19.732
3,16bit,333,83,128,1515.056,11.8364,19.149
3,16bit,334,261,25,157.45,6.298,1.682
3,16bit,335,65,128,761.521,5.9494,8.681
3,16bit,336,154,128,604.3,4.7211,6.243
3,16bit,337,82,128,528.881,4.1319,5.081
3,16bit,338,43,128,1570.594,12.2703,20.025
3,16bit,339,32,128,984.466,7.6911,12.196
3,16bit,340,76,128,1408.466,11.0036,17.706
3,16bit,341,102,50,535.714,10.7143,6.405
3,16bit,342,63,128,540.049,4.2191,5.225
3,16bit,343,66,128,1024.411,8.0032,12.19
3,16bit,344,47,128,758.991,5.9296,8.561
3,16bit,345,54,128,510.873,3.9912,5.082
3,16bit,346,46,128,1521.502,11.8867,19.154
3,16bit,347,54,128,1104.65,8.6301,13.492
3,16bit,348,28,128,1316.795,10.2875,16.542
3,16bit,349,34,45,228.083,5.0685,2.443
3,16bit,350,207,128,509.758,3.9825,4.935
3,16bit,351,113,128,478.999,3.7422,4.648
3,16bit,352,52,128,478.175,3.7357,4.499
3,16bit,353,56,128,1817.654,14.2004,23.36
3,16bit,354,57,128,1934.134,15.1104,25.384
3,16bit,355,48,128,860.994,6.7265,9.647
3,16bit,356,29,128,1012.455,7.9098,12.042
3,16bit,357,201,128,1280.274,10.0021,15.958
3,16bit,358,45,128,1586.198,12.3922,20.167
3,16bit,359,54,128,540.346,4.2215,5.372
3,16bit,360,42,128,1634.928,12.7729,20.457
3,16bit,361,62,128,1520.487,11.8788,19.443
3,16bit,362,95,128,535.574,4.1842,5.2
3,16bit,363,199,128,1385.083,10.821,17.41
3,16bit,364,90,104,1607.886,15.4604,21.113
3,16bit,365,154,1,0.0,0.0,0.012
3,16bit,366,79,38,182.915,4.8136,1.799
3,16bit,367,35,128,1764.389,13.7843,22.683
3,16bit,368,32,128,516.889,4.0382,5.079
3,16bit,369,96,128,1754.731,13.7088,22.344
3,16bit,370,67,128,715.739,5.5917,8.128
3,16bit,371,59,121,1246.03,10.2978,15.319
3,16bit,372,247,47,255.769,5.4419,2.752
3,16bit,373,95,128,1089.34,8.5105,13.346
3,16bit,374,31,128,952.737,7.4433,11.32
3,16bit,375,37,128,1444.084,11.2819,17.706
3,16bit,376,68,128,2036.513,15.9103,26.189
3,16bit,377,54,128,598.375,4.6748,5.955
3,16bit,378,312,128,969.926,7.5775,11.417
3,16bit,379,56,128,1372.895,10.7257,17.415
3,16bit,380,361,1,21.625,21.625,0.303
3,16bit,381,56,128,1169.774,9.1389,13.641
3,16bit,382,50,128,1633.911,12.7649,21.039
3,16bit,383,39,43,197.806,4.6001,1.848
3,16bit,384,75,128,884.603,6.911,10.453
3,16bit,385,70,128,929.543,7.2621,11.106
3,16bit,386,225,128,1645.784,12.8577,21.332
3,16bit,387,50,128,995.288,7.7757,11.468
3,16bit,388,61,128,1758.723,13.74,22.922
3,16bit,389,50,128,1932.138,15.0948,25.288
3,16bit,390,63,128,1224.266,9.5646,15.09
3,16bit,391,60,128,917.155,7.1653,10.816
3,16bit,392,44,128,1196.768,9.3498,14.657
3,16bit,393,46,128,1027.508,8.0274,12.772
3,16bit,394,72,118,1248.792,10.583,15.728
3,16bit,395,133,30,112.574,3.7525,1.001
3,16bit,396,95,31,113.135,3.6495,1.012
3,16bit,397,58,128,876.53,6.8479,10.159
3,16bit,398,90,128,2069.817,16.1704,27.131
3,16bit,399,49,128,1024.065,8.0005,12.774
3,16bit,400,76,128,1118.384,8.7374,13.785
3,16bit,401,58,128,2195.097,17.1492,28.874
3,16bit,402,42,128,1116.779,8.7248,13.642
3,16bit,403,71,38,208.378,5.4836,2.236
3,16bit,404,184,45,425.494,9.4554,5.297
3,16bit,405,39,128,1417.928,11.0776,17.92
3,16bit,406,79,128,470.039,3.6722,4.501
3,16bit,407,46,128,1220.157,9.5325,15.236
3,16bit,408,47,128,1244.501,9.7227,15.241
3,16bit,409,61,128,560.631,4.3799,5.661
3,16bit,410,53,128,862.272,6.7365,10.159
3,16bit,411,81,128,521.007,4.0704,5.077
3,16bit,412,166,128,840.49,6.5663,9.865
3,16bit,413,86,128,892.377,6.9717,10.305
3,16bit,414,98,128,1032.237,8.0644,12.479
3,16bit,415,192,30,164.477,5.4826,1.727
3,16bit,416,373,1,0.0,0.0,0.012
3,16bit,417,465,31,113.101,3.6484,1.012
3,16bit,418,62,128,456.212,3.5642,4.357
3,16bit,419,68,128,850.487,6.6444,9.724
3,16bit,420,65,63,417.531,6.6275,4.784
3,16bit,421,49,83,660.166,7.9538,8.303
3,16bit,422,252,128,1107.032,8.6487,13.351
3,16bit,423,44,128,1885.411,14.7298,24.811
3,16bit,424,58,128,552.459,4.3161,5.25
3,16bit,425,26,128,938.617,7.3329,11.61
3,16bit,426,35,128,869.241,6.7909,10.017
3,16bit,427,61,128,1321.035,10.3206,15.96
3,16bit,428,83,128,791.68,6.185,9.434
3,16bit,429,45,128,548.371,4.2841,5.514
3,16bit,430,54,128,1028.045,8.0316,12.476
3,16bit,431,57,128,816.221,6.3767,8.95
3,16bit,432,110,128,1033.829,8.0768,12.263
3,16bit,433,43,128,541.949,4.234,5.229
3,16bit,434,75,36,193.452,5.3737,2.073
3,16bit,435,57,128,1302.482,10.1756,16.109
3,16bit,436,80,64,941.138,14.7053,12.195
3,16bit,437,88,128,634.552,4.9574,6.821
3,16bit,438,119,128,1442.397,11.2687,18.091
3,16bit,439,39,128,558.563,4.3638,5.662
3,16bit,440,77,128,1394.291,10.8929,17.849
3,16bit,441,92,1,0.0,0.0,0.013
3,16bit,442,94,128,1449.424,11.3236,17.992
3,16bit,443,51,128,698.801,5.4594,7.621
3,16bit,444,33,128,1232.228,9.6268,15.091
3,16bit,445,102,128,493.04,3.8519,4.643
3,16bit,446,74,128,983.168,7.681,12.19
3,16bit,447,77,128,508.139,3.9698,4.933
3,16bit,448,71,128,843.668,6.5912,10.162
3,16bit,449,41,128,642.402,5.0188,6.676
3,16bit,450,51,128,800.974,6.2576,8.85
3,16bit,451,331,1,19.892,19.892,0.278
3,16bit,452,44,128,1018.671,7.9584,12.188
3,16bit,453,92,54,209.993,3.8888,2.09
3,16bit,454,63,128,702.383,5.4874,7.548
3,16bit,455,37,128,902.808,7.0532,10.45
3,16bit,456,135,89,834.697,9.3786,10.385
3,16bit,457,57,37,170.458,4.607,1.646
3,16bit,458,49,37,251.324,6.7925,3.096
3,16bit,459,58,128,1935.607,15.1219,25.244
3,16bit,460,68,128,1873.2,14.6344,24.231
3,16bit,461,101,128,594.662,4.6458,5.953
3,16bit,462,79,128,1217.334,9.5104,15.381
3,16bit,463,59,45,219.715,4.8826,2.105
3,16bit,464,30,128,1644.631,12.8487,21.185
3,16bit,465,55,128,1690.205,13.2047,21.067
3,16bit,466,35,128,866.143,6.7667,10.016
3,16bit,467,93,128,1248.903,9.7571,15.673
3,16bit,468,111,128,545.592,4.2624,5.227
3,16bit,469,135,128,1788.048,13.9691,23.506
3,16bit,470,42,128,1120.35,8.7527,13.786
3,16bit,471,59,128,883.09,6.8991,10.303
3,16bit,472,167,30,112.459,3.7486,1.001
3,16bit,473,169,128,936.075,7.3131,11.32
3,16bit,474,356,1,21.371,21.371,0.158
3,16bit,475,219,1,0.0,0.0,0.012
3,16bit,476,65,34,131.375,3.864,1.183
3,16bit,477,190,128,1096.665,8.5677,13.493
3,16bit,478,65,128,1033.2,8.0719,12.48
3,16bit,479,63,128,981.763,7.67,12.192
3,16bit,480,59,128,1003.848,7.8426,12.483
3,16bit,481,48,128,541.377,4.2295,5.085
3,16bit,482,128,1,21.229,21.229,0.158
3,16bit,483,125,128,1546.364,12.081,19.317
3,16bit,484,49,128,928.617,7.2548,11.323
3,16bit,485,68,128,498.586,3.8952,4.357
3,16bit,486,68,128,1533.588,11.9812,19.442
3,16bit,487,76,116,461.454,3.9781,4.539
3,16bit,488,100,128,878.248,6.8613,10.018
3,16bit,489,39,128,1403.783,10.9671,17.993
3,16bit,490,44,128,1132.866,8.8505,13.784
3,16bit,491,60,128,1063.765,8.3107,12.482
3,16bit,492,54,128,1471.075,11.4928,18.426
3,16bit,493,62,41,200.362,4.8869,1.974
3,16bit,494,224,1,0.0,0.0,0.012
3,16bit,495,189,128,563.165,4.3997,5.52
3,16bit,496,109,128,990.604,7.7391,11.754
3,16bit,497,78,128,1068.527,8.3479,12.771
3,16bit,498,37,128,841.686,6.5757,10.013
3,16bit,499,70,128,1115.137,8.712,13.351
